5.5086268186569214; 5.6665851557118261; 4.1608798145853463; 2
5.0628791302442551; 4.4102482495292534; 5.0936079406263861; 2
9.7356824576854706; 8.8897629227395729; 9.2324109948427022; 1
9.9500484764575958; 10.772651319154928; 12.202241137480591; 1
4.6619780659675598; 5.5803048830337065; 5.0521088180693843; 2
4.7466592490673065; 3.793159143614603; 5.0080787911137987; 2
4.755175456404686; 3.7948816688133409; 4.6483041054876582; 2
8.7359839677810669; 10.242841223333819; 9.2190322712076131; 1
4.8089007437229156; 4.4468055622269258; 3.9291514863842698; 2
10.387416690587997; 11.223053404057676; 10.516375741702042; 1
3.2209830284118648; 3.5714849421681394; 3.73915065326256; 2
9.9698606114834547; 10.870512398630348; 8.8825777207541332; 1
9.4008795022964478; 10.659397656095511; 11.42658052412129; 1
9.1645404100418091; 9.2887508600511293; 10.84715677513085; 1
10.495009511709213; 10.788717298568946; 9.9323189974232857; 1
9.3217413425445557; 10.059302993405701; 10.347113752561262; 1
10.38408300280571; 9.3948596372668689; 9.7938530834077948; 1
9.6288641691207886; 11.15096341696475; 9.0845202107932881; 1
8.0971254110336304; 10.941234666216458; 10.195815350978378; 1
3.6636942625045776; 5.5296710781059257; 3.9026270963215834; 2
6.3790804147720337; 4.0787931292874537; 4.1551902152743567; 2
11.347773790359497; 10.37821020997891; 10.785089281159188; 1
6.1406128406524658; 3.2644758583105085; 5.2812360249263604; 2
10.32775890827179; 12.098841125892747; 10.598969784491455; 1
4.4461674690246582; 5.6885295881018276; 4.9608121065164728; 2
11.345184803009033; 9.7235537578713664; 10.067024207016278; 1
9.0212384462356567; 9.2702227591291084; 9.5971990720518452; 1
9.7442888915538788; 9.4193417084251383; 10.627146494524206; 1
11.451403379440308; 9.28140477357009; 9.6992074564072048; 1
9.1970149278640747; 10.482196591346982; 9.597423580645188; 1
11.032034635543823; 9.742544075210521; 8.9336215209957146; 1
9.7325239181518555; 8.8331928719228721; 9.568722705724948; 1
9.3697037696838379; 9.3820872100411474; 9.3455886830308508; 1
11.333552956581116; 10.030487861174153; 9.9174929040331925; 1
10.480262041091919; 11.673302595923161; 11.488232912091666; 1
3.8800473213195801; 5.3616442761071257; 4.4077798452814463; 2
10.581622779369354; 10.498367648820555; 9.5062746061951096; 1
9.826288253068924; 8.8395891515502658; 7.8307966079587459; 1
9.9399387240409851; 8.0929649361953437; 10.924480947882076; 1
9.7922590970993042; 8.3821539084157184; 10.744739437968194; 1
10.370619654655457; 10.117806011048836; 10.850588379109571; 1
4.6583938002586365; 3.3473916184041066; 4.899672646643948; 2
8.5484782457351685; 9.1297021980832795; 10.922515173246861; 1
8.221863865852356; 8.6240353278184436; 10.196483769026965; 1
5.0792646259069443; 5.0013305125109628; 4.7740099639058231; 2
6.2646660804748535; 5.5256130806721506; 5.0368267679008438; 2
4.5136809945106506; 5.7566773976364027; 3.8713347095184192; 2
9.1135562658309937; 11.041625780381949; 11.282102982826297; 1
9.3027610182762146; 11.149028832721093; 10.419249013330438; 1
10.216230273246765; 11.363428019890122; 10.241201094486236; 1
5.4419770538806915; 5.8707038566001275; 5.3915001145476058; 2
8.588871955871582; 11.657609568283345; 9.29584567209357; 1
10.463649183511734; 10.682098360195251; 10.227492148020337; 1
10.206022769212723; 11.498010368640193; 10.444370232267751; 1
9.7963544130325317; 10.150937899350533; 8.5604868310383058; 1
11.860946774482727; 9.6405213402944927; 9.6034269419537779; 1
11.030762076377869; 9.0802999549948957; 8.9463358898266012; 1
10.942952573299408; 11.409207997143049; 10.631314420017171; 1
10.38127812743187; 8.4342950064320465; 6.497771345064228; 1
8.6929370164871216; 10.297565008112112; 9.9036790423297312; 1
5.1860220432281494; 4.7257820907802532; 4.3089934077214496; 2
9.5560560524463654; 10.850439162389135; 10.730200688902295; 1
11.425233364105225; 10.481145986890885; 10.652368510555956; 1
10.167900964617729; 9.6341859071745777; 10.77189540355247; 1
9.8030548393726349; 9.1086110011091659; 9.9026509306553212; 1
9.0284731388092041; 11.294653709698094; 10.531420556965767; 1
11.185273408889771; 9.3958371199532067; 9.4966317988955549; 1
5.162783071398735; 3.9465303461598689; 4.9575413997343585; 2
4.5824072957038879; 6.4080946679734865; 4.2827381208473705; 2
9.7252324223518372; 9.3320723495934956; 8.5764488889469099; 1
5.7522674798965454; 4.7966520914505475; 5.2687605779728166; 2
8.7151305675506592; 10.558810949462007; 10.210562093180995; 1
9.6497960686683655; 9.8398992186614844; 11.131936232088906; 1
11.308051347732544; 8.6499091099006122; 11.337978408445977; 1
9.1763535737991333; 10.676073867442682; 9.8356143897128572; 1
10.764703214168549; 9.5868825167715208; 11.624136348921333; 1
8.8921225070953369; 11.359747064868277; 8.8406931902224741; 1
9.7597591429948807; 12.636148986698309; 8.9773456509796468; 1
3.2465249300003047; 5.916646676157721; 4.9590042685219; 2
9.9329836070537567; 10.198148602520824; 11.02004741158219; 1
9.2793683409690857; 9.1946460972533188; 8.5714376553510156; 1
8.6716790199279785; 9.4777915789885601; 10.296243479422802; 1
9.7361519336700439; 10.93964485533669; 10.508773845715938; 1
9.2120655179023743; 9.4174873661054264; 10.06740418188862; 1
10.090384893119335; 8.9570987043762038; 8.3146843711841179; 1
7.7312815189361572; 9.5889351127169409; 10.154214886823413; 1
8.2570374011993408; 9.2160534777673355; 9.7401571547865071; 1
10.916964471340179; 9.6027777710910556; 9.544610467523448; 1
9.8510365635156631; 8.8416621274063321; 9.4671514677799422; 1
4.8721309453248978; 4.3513647685040251; 4.964461708011692; 2
9.3332653641700745; 10.667715638577587; 8.4873373561628771; 1
5.4159168303012848; 5.1620873943471235; 4.1365729087881462; 2
10.015906155109406; 9.4070389635112335; 9.8421869401242521; 1
10.887384355068207; 10.577916290077621; 11.21109429178915; 1
10.265174567699432; 9.7725065550544326; 9.751279708468374; 1
10.911011397838593; 11.367918289529079; 11.607570432410332; 1
10.155891001224518; 8.1897919417124658; 9.82867710504458; 1
10.922574937343597; 8.5127368831302359; 8.5210989207711094; 1
9.2837506532669067; 9.6194650390823124; 11.096292711634053; 1
10.87989467382431; 10.910435159014801; 11.607259339376608; 1
9.1478490233421326; 9.976101571779969; 10.639295964181462; 1
7.142106294631958; 9.1123775814576824; 9.6024964089762683; 1
8.9003932476043701; 8.9067481168241383; 9.2492701188948825; 1
9.9495429061353207; 11.214636282905051; 9.6934077190052221; 1
5.0970357656478882; 5.0647262977302736; 5.0860276667541431; 2
6.1074310541152954; 5.2995064394682974; 3.7028548165005808; 2
10.40128618478775; 9.902973592979551; 11.079093060398231; 1
9.3547517061233521; 9.4152377304516133; 8.4351275582208913; 1
10.71550452709198; 9.7392510789898257; 10.094546588350246; 1
9.5061370432376862; 10.503836175743078; 9.8223546769751895; 1
9.513029009103775; 11.316941921222272; 10.098743903862333; 1
10.626504838466644; 9.0226238831500094; 8.7615006926764902; 1
8.844707727432251; 10.464428243098743; 9.9121099815707971; 1
6.3511258363723755; 3.7622436591604664; 5.620851743490749; 2
4.8131783455610275; 4.0293114068149691; 4.7486728422145372; 2
2.3067247867584224; 6.5636896310784802; 4.5625701418743079; 2
9.5711735188961029; 8.7463078019175633; 10.522295985001435; 1
4.3266237378120422; 6.8869960160778438; 4.7106330360571755; 2
5.7967320084571838; 3.4693270274750598; 4.3714066411407151; 2
4.1110071539878845; 6.091151061900117; 4.9675285359286256; 2
5.7275019884109497; 4.8384652980785754; 3.8624131295639397; 2
3.7968966960906982; 4.9541884320340888; 4.6973950633487345; 2
2.6314849853515621; 5.542065531642943; 5.5897822701648652; 2
8.6636074781417847; 10.706307621255348; 11.847912525279364; 1
4.8356496095657349; 5.4096541578378456; 5.5953799960554029; 2
8.4644567966461182; 9.0239787647416012; 9.2295156561989646; 1
10.216362789273262; 10.997913189330838; 11.804260875337921; 1
6.2943774461746216; 3.9468013496120431; 4.6035507589098561; 2
4.3254269361495972; 6.1119555884557126; 5.97479448828543; 2
9.6336491107940674; 11.175984050913907; 11.078401809591467; 1
10.57296097278595; 10.135088678869955; 9.2658331208812221; 1
8.4347295761108398; 10.654615322501835; 8.7348059613338549; 1
10.088929988443851; 10.891263640958847; 10.346426555456885; 1
10.095081731677055; 10.074176836248808; 11.767054419373251; 1
9.615134596824646; 9.1276214822511346; 7.6578349548321833; 1
8.7425806522369385; 7.6208431185297005; 10.02016261365587; 1
9.6429972946643829; 10.195916686408315; 11.394501421895571; 1
10.77937924861908; 11.794427755024758; 11.123707526863633; 1
10.746161639690399; 7.8578499512551385; 11.266838828218226; 1
10.681338131427765; 9.6560741867377491; 7.5901883216398183; 1
9.8288000226020813; 9.0943426684821382; 9.8177352143418872; 1
10.963294148445129; 8.9778730929909702; 8.431039475538288; 1
10.89571076631546; 8.8282336423234664; 8.2560351819630569; 1
10.213265776634216; 12.017263426521509; 12.0651645003702; 1
7.996074914932251; 10.579688207781187; 10.578381475959011; 1
9.7390643358230591; 8.574451860470484; 12.027749632508746; 1
4.7028763592243195; 4.9200876842466998; 5.3480690550643022; 2
4.8581305146217346; 4.7767621103135589; 4.5610490055504016; 2
5.3604272603988647; 6.0225351823589177; 4.9806574870330174; 2
7.1715908050537109; 5.7771304608076539; 6.0804413369684038; 2
11.506742715835571; 10.882865368310108; 11.53905601465954; 1
10.141691789031029; 10.905316870639407; 11.182316829618518; 1
10.23044827580452; 10.808946279319008; 10.366826843230708; 1
3.2701057195663448; 5.3110054014386616; 3.4702692219820586; 2
10.120080426335335; 8.3995419435101208; 9.7908147224169788; 1
8.8565397262573242; 9.3730979609382992; 9.8402349189085072; 1
10.649719953536987; 10.912135113990118; 10.026220029634025; 1
9.5339443683624268; 10.77449071872762; 9.7348312556488228; 1
3.1661498546600337; 5.5113826572817608; 3.7711856625741573; 2
6.6295516490936279; 5.0685766298614521; 5.0639903515777061; 2
9.8479925692081451; 9.7826777695008005; 9.4060947616180233; 1
7.3369181156158447; 4.7225904686198019; 5.4639451633214629; 2
4.6797954440116882; 5.7763634474024554; 5.605235641844887; 2
11.373233675956726; 9.5345567424661883; 11.045296088360718; 1
3.9090007543563843; 6.100267138031259; 4.936481123773456; 2
9.5536757111549377; 10.454027863268344; 9.9235889598183178; 1
10.326154798269272; 11.152764123199063; 11.411691115426358; 1
10.412022918462753; 9.7436677716771776; 9.7931050168475267; 1
4.0241273045539856; 5.7673793642203597; 5.0150252887184923; 2
10.763919055461884; 11.052400766510377; 10.433256195753433; 1
8.436919093132019; 10.237156412937138; 10.824641923345512; 1
9.7081830203533173; 11.577189883131521; 10.719967172771717; 1
7.8361928462982178; 9.245705284669544; 8.9842925633266262; 1
9.4070806503295898; 11.733945182323442; 9.5119898748716825; 1
10.1968704611063; 10.77513644111303; 8.1793015733183694; 1
11.478249073028564; 11.307864116611844; 9.0955875048643566; 1
9.8583542108535767; 9.616213561526175; 9.9775498579431368; 1
7.4327082633972168; 9.830657841086877; 8.8337205982394895; 1
5.1422227472066879; 5.6466272418979422; 3.7713547952381488; 2
10.755622863769531; 9.5213936734077205; 9.1732305012986934; 1
11.007057785987854; 10.541828110326769; 11.620496171146058; 1
5.6435732841491699; 3.566573289884392; 4.9391175711660393; 2
9.3309054374694824; 9.7689129955301173; 9.7693510907489252; 1
11.547028422355652; 11.520393527240833; 9.3053563457948982; 1
7.6688191890716553; 7.8807394991581035; 8.8956052365967011; 1
6.3959143161773682; 4.3404295487713123; 4.4580671886178003; 2
4.3907257318496704; 5.1273621195682937; 5.7771296836090729; 2
9.5308564603328705; 8.8834708502800375; 9.1209373662519226; 1
5.0283876564353704; 4.0682700527875681; 6.4143979692478545; 2
9.1803377270698547; 10.148972231313884; 10.395766465852612; 1
7.5398194789886475; 10.782333794727931; 11.109407310150623; 1
10.14725986123085; 9.3056558041273369; 10.165995330339287; 1
4.9138573855161667; 4.6559547973683504; 4.7863215220723134; 2
7.8159847259521484; 11.776583737024044; 11.416915318029048; 1
10.789596259593964; 11.355962181839882; 10.647089757085045; 1
3.267363309860229; 5.3510223153934842; 5.8597609669667206; 2
5.6054528951644897; 5.753611253136893; 7.2878058504476044; 2
6.3124511241912842; 4.9158671686440902; 6.568533432370403; 2
11.771389365196228; 8.36627849565701; 8.2982262613039719; 1
11.105294346809387; 10.302732970449707; 10.607478701045174; 1
9.3789318203926086; 10.270373042418477; 8.6197633683359882; 1
10.679309904575348; 9.6611026681215755; 9.4127188902042551; 1
9.5392550528049469; 10.769645714932169; 9.1463846140689196; 1
4.5783912539482117; 4.1732867006457823; 3.5141261504086083; 2
8.3133286237716675; 9.2666967968688745; 11.701245805186186; 1
7.8381783962249756; 9.962910635338865; 9.6177961456862633; 1
9.3222200870513916; 11.353693582868484; 8.4532692228942423; 1
10.416434168815613; 9.9054834993466478; 9.5997842111548319; 1
10.92417323589325; 9.5429342753144688; 11.36749956014998; 1
8.6941468715667725; 9.8759156819300387; 9.8197653577589055; 1
6.4724936485290527; 5.723198434177081; 5.2271467305913655; 2
11.406165599822998; 10.28486368811711; 9.655500420894386; 1
9.7489142417907715; 10.305448735182914; 11.507587209490001; 1
8.6904867887496948; 9.4887483815594855; 11.189689070985665; 1
11.290791749954224; 8.4523549796887263; 9.1631266485659033; 1
11.042129516601562; 10.258322846708026; 8.125902890886243; 1
9.8225655406713486; 11.790251800736286; 10.60949221321302; 1
10.074043065309525; 10.031171231498394; 11.107325308944198; 1
2.8230359554290767; 4.7828013703137202; 6.4094204456711843; 2
5.8742572665214539; 4.1719966979873515; 4.188663301781161; 2
9.1676550507545471; 9.3783131966516251; 9.1833345852680726; 1
7.9545183181762695; 10.628412340998876; 9.337745348817009; 1
10.381179332733154; 12.460791854902666; 10.868258064525561; 1
3.7216829061508179; 4.1040639801370684; 4.2304250608491305; 2
4.1398993730545044; 5.8119786844054859; 3.4427787445274824; 2
8.4972784519195557; 8.5789855265146127; 10.392365967208063; 1
9.2901715636253357; 10.884700257548925; 9.7740988876636834; 1
8.9524798393249512; 10.16011335659835; 9.6950152274932098; 1
4.9294326156377792; 5.0741521802620122; 5.6517389048433078; 2
10.510073363780975; 9.818444092142208; 10.560901354852374; 1
6.0010967254638672; 6.3014405360769405; 5.5974170888563002; 2
10.344606250524521; 9.9210920454090061; 9.5502839635016965; 1
7.7595088481903076; 10.395224139789045; 9.1270958891894267; 1
4.167920708656311; 5.1392795456742686; 6.7218026906086195; 2
4.9868520842865109; 6.1720878599365312; 7.1233104799419085; 2
9.5216133594512939; 11.214321478555263; 11.93079100498791; 1
10.693269491195679; 8.8697736356305175; 8.5973617700610632; 1
8.9535712003707886; 8.6737520706151248; 8.6577323170234024; 1
2.8890874385833736; 5.2125281035276716; 4.1539649691326819; 2
11.831647992134094; 10.478229702801722; 10.67077059492741; 1
8.873769998550415; 10.764009124209306; 9.90175883713394; 1
7.7100021839141846; 8.9243482557541807; 8.6029418601022307; 1
11.722088813781738; 10.388065620247662; 10.126841173364262; 1
9.6652287244796753; 9.798363795787429; 12.275666746981242; 1
11.44541347026825; 10.715030613491855; 9.7237459206609369; 1
5.0821904912590981; 5.6227169882484791; 6.1595827299046633; 2
9.1770554780960083; 10.974355404120674; 10.017270160602809; 1
9.6009949743747711; 11.971535693721707; 9.5652002154409921; 1
10.470334410667419; 8.5605400125192972; 10.288211041592595; 1
4.0945953130722046; 4.4615665687967878; 5.6291300043486565; 2
3.5329934358596802; 5.1437761648495028; 3.8898950899756146; 2
9.1670907139778137; 9.2030519056457329; 9.4014155452082413; 1
10.608835637569427; 9.3026292333768641; 10.126075688534311; 1
8.8819944858551025; 10.039924654760609; 9.8905231424704478; 1
8.3354090452194214; 9.3138152144937809; 9.4608824850356878; 1
9.5034770369529724; 11.415585312095324; 12.086873157237456; 1
11.182634592056274; 10.412448942780246; 8.916013953405054; 1
11.456556677818298; 10.983236485611359; 9.4781944216547487; 1
4.9392310753464699; 3.4428249088364278; 4.1135063175220177; 2
12.319164752960205; 9.1471286115606087; 10.646945669545609; 1
9.0695114135742188; 10.349079744458466; 9.7195796358676745; 1
10.753816366195679; 8.5014940794284168; 9.2556649186726911; 1
10.284719616174698; 8.1558193254502598; 8.3122043088095943; 1
5.3664757013320923; 4.7776448230940183; 2.8578288723948546; 2
9.3384925723075867; 9.7064549454109326; 9.01695492053131; 1
11.468922853469849; 10.855461908571149; 11.739566696749746; 1
8.0573774576187134; 10.403401258414677; 11.541369885569157; 1
5.3397029340267181; 3.8331635200691805; 4.899338116836903; 2
4.6215897500514984; 4.9273676694836901; 3.8198533136867536; 2
6.6937400102615356; 4.5409710147216149; 3.8425908522069161; 2
5.9582346677780151; 7.017361464508844; 5.408786314889622; 2
10.543799996376038; 9.733302104698776; 10.143514991102933; 1
5.819459855556488; 5.671608192884908; 6.2991138335188417; 2
9.8116071075201035; 8.6859604197999047; 9.8646984598427512; 1
4.4402410984039307; 2.9484251359798566; 4.5421135836055182; 2
9.0385787487030029; 8.9092766717158973; 9.4189993938612506; 1
6.3491487503051758; 5.1223308010267123; 6.0760055590048161; 2
10.450996875762939; 9.952859770459991; 10.814209772333875; 1
3.6500247716903687; 5.5529950545007871; 6.6074446677479095; 2
8.9605975151062012; 10.15127227251658; 9.8523664070572057; 1
10.728724002838135; 11.04427714400941; 10.089128644714092; 1
9.9812109936028719; 9.8444988103269058; 9.2872707169359359; 1
10.020528525114059; 10.492883855370424; 9.9303064606661202; 1
10.125302493572235; 9.9757430806110996; 9.9853375132420723; 1
11.078267574310303; 11.914488985422674; 9.7630078414800057; 1
9.185594916343689; 11.042484153636638; 11.569181588081953; 1
12.448110580444336; 11.892430349617378; 8.7503548937987556; 1
10.47418674826622; 9.9953798491034807; 11.120079811490324; 1
9.7188448905944824; 10.020186628327989; 10.314069709729635; 1
7.6508803367614746; 9.9302105089367849; 8.8463277224231351; 1
8.3002398014068604; 9.1887683177107391; 8.9617832569636739; 1
6.5526535511016846; 5.0048991207869244; 5.8092294363604324; 2
10.014402880333364; 10.107668126582134; 10.615747949179379; 1
10.945721626281738; 11.953326207374404; 10.622510301835939; 1
8.831662654876709; 9.06359221337026; 9.7594772748153478; 1
11.414064168930054; 9.7259889768213625; 11.089611495286654; 1
3.803574800491333; 7.1745850766044974; 4.9106419587610857; 2
9.2374062538146973; 7.7778848535028731; 8.2792795289994512; 1
5.8377023339271545; 3.7414806300709986; 4.2315383899345358; 2
6.3603770732879639; 4.2943761476161972; 5.131920082581451; 2
10.650346457958221; 9.6401106650335393; 10.066457325882602; 1
10.534753262996674; 11.038386824945732; 10.464199221103167; 1
11.135858178138733; 11.417803206112382; 11.014880592588133; 1
4.686530202627182; 4.296955276247628; 5.2553458942532076; 2
10.406572669744492; 11.338047866588671; 10.592365631313083; 1
7.9116561412811279; 7.791134378596567; 8.6021083005676537; 1
10.436125308275223; 9.7822686975443407; 12.350961662969315; 1
4.3334608674049377; 5.2851757245364857; 4.7268424984411634; 2
4.7828105539083481; 4.8982333438882071; 5.241629601121141; 2
9.3032540082931519; 9.4316456511925875; 11.262954894676859; 1
9.2420953512191772; 10.375769537000995; 10.894627187522435; 1
5.3956460654735565; 4.4577064036283875; 7.8390895671627234; 2
4.6585368514060974; 4.7795404164210833; 6.0144012348653808; 2
10.728156089782715; 8.4534299144901777; 8.097548861255305; 1
5.1598909795284271; 4.7209585898273572; 5.3021061679867385; 2
9.0229033827781677; 10.341041253188846; 11.32721406426921; 1
9.6296339631080627; 9.236504099131146; 9.5011042872916249; 1
10.935570180416107; 10.86171558751121; 10.10154674230149; 1
9.1690975427627563; 9.3900794441945497; 10.926218149720954; 1
9.227899432182312; 9.4643865483120901; 9.391079458810756; 1
9.8550385981798172; 9.6990909361280604; 8.7326642237901968; 1
8.8781226873397827; 11.244386079369377; 11.086084015669986; 1
5.6510360836982727; 4.7090909361940065; 4.7146588552065936; 2
10.744962394237518; 8.6952923965985978; 9.4295906078359089; 1
5.1811240911483765; 6.4564678004091185; 5.6224272176652734; 2
5.2585726678371429; 5.4972400465310036; 4.2293707305595909; 2
6.9408633708953849; 8.4354111335356929; 9.6850633266600639; 1
10.687547147274017; 10.532173342305772; 10.762300284878435; 1
10.207408547401428; 11.468061937093616; 10.242746440707991; 1
9.465010404586792; 9.4904799288732029; 10.420286012605326; 1
10.039957948029041; 9.6266822391138529; 10.630932838316257; 1
9.0848076343536377; 10.695408984623043; 10.221277086700582; 1
9.700193852186203; 10.8638702780682; 11.155905222017282; 1
10.319209009408951; 10.929744155830788; 10.418209074891774; 1
8.9033948183059692; 10.726943986921075; 8.2472705057558198; 1
9.5346125066280365; 10.570934310687717; 9.5924793636985317; 1
9.6050934195518494; 10.226274466802145; 10.369030546434313; 1
4.6800758838653564; 6.4190586833261349; 4.7898392854115848; 2
11.422402143478394; 10.499498255937809; 9.4425393283700725; 1
8.4949426651000977; 11.015805351195658; 11.363057265201318; 1
11.427776217460632; 10.830864763473414; 10.014356527132245; 1
5.138591930270195; 6.2240771939156296; 6.3370246110062727; 2
5.350481778383255; 5.0051390809104541; 6.0310703316580261; 2
9.1867901682853699; 10.382750190185117; 10.096601130366835; 1
4.5566062331199646; 4.3611814607690844; 6.2040486301628075; 2
12.058129549026489; 10.451040425487164; 9.4244433803065313; 1
10.867493212223053; 10.397603058807173; 9.4286940477700032; 1
10.315966010093689; 10.126337992009391; 8.444457880140213; 1
9.9641267918050289; 9.5316823584583688; 10.178644993395118; 1
8.2957569360733032; 9.088924232768548; 8.2856891857955102; 1
9.6032894849777222; 9.8012851346786114; 8.5537595958293124; 1
8.4550665616989136; 9.0739694881362531; 8.3116373790303548; 1
6.4118169546127319; 4.2945611418445173; 6.0731821320268935; 2
6.6180585622787476; 4.4409370557067156; 2.9443562042581788; 2
9.3414307832717896; 11.209433043007252; 8.8700501198107631; 1
9.17425537109375; 10.529984858296029; 10.173785400411111; 1
11.230396747589111; 11.286183106451507; 9.1763368118316873; 1
10.473519206047058; 9.9309616700270968; 9.8882932979076283; 1
10.255849659442902; 10.54695785141557; 8.2145119225749141; 1
5.0826403796672821; 5.795413313788675; 5.1158769920856013; 2
4.5240451991558075; 5.8368245919073152; 5.5044649266428634; 2
4.9728241357952356; 5.1717707445822203; 6.7853525739648699; 2
9.8800728246569633; 9.7826632810435967; 10.395310432887948; 1
6.8173719644546509; 5.5992485016606715; 4.6352177877615777; 2
9.0664534568786621; 8.6400821753688479; 10.162546643946792; 1
10.226632758975029; 10.393658547295869; 10.793432294816443; 1
8.7557932138442993; 7.9894783996026266; 10.916391334340283; 1
2.9014024734497066; 3.1896897713602228; 5.1088328058683352; 2
2.3966734409332271; 5.859386355724399; 5.017908152644333; 2
11.354814887046814; 10.586851397450829; 9.4609349211870413; 1
10.056578040122986; 11.457602111622364; 9.4503171977998619; 1
10.236814022064209; 9.4998907181231687; 9.4090123337482208; 1
11.315830707550049; 10.466613552797737; 10.08943334745546; 1
5.2075848430395126; 5.3914956163728958; 4.0536765714287348; 2
10.024438351392746; 10.36229029699426; 11.218263457481781; 1
5.7413067221641541; 3.7912481413467169; 4.0872099347460082; 2
9.5129847824573517; 9.47339152190027; 9.8757918785190952; 1
4.995298317167908; 3.9342948888225164; 4.0492893742410763; 2
7.2329564094543457; 10.136678571778567; 8.4704197430729291; 1
10.266966700553894; 10.215364577975905; 9.9342675375828104; 1
10.932742536067963; 10.245548442930268; 11.620034495962562; 1
9.2238427400588989; 11.286742767077785; 11.073009448634611; 1
8.0136556625366211; 9.3149871434804332; 10.057546305289634; 1
10.999240696430206; 9.4702860426175661; 8.8637843830813807; 1
3.7474896907806396; 5.2098152937442848; 5.0692820737069555; 2
11.660284161567688; 10.4770512238532; 9.9723965548446998; 1
10.645522654056549; 11.298837523022767; 10.645292800000691; 1
10.167590394616127; 12.285820085035134; 10.298115842325769; 1
9.2380281686782837; 9.7850028431310836; 11.327185224314572; 1
5.284946620464325; 3.439904684369389; 3.8888867020236546; 2
10.507806956768036; 10.338649717422799; 8.3460767036789125; 1
11.732198119163513; 9.962241031024389; 9.7145642152387506; 1
10.260180354118347; 11.110042232606673; 11.907637498618485; 1
9.2114648222923279; 10.194314024767626; 11.522905190095862; 1
11.246960043907166; 10.812637922636926; 10.569109270386553; 1
4.6283437311649323; 5.4208996451991815; 4.1760963472673049; 2
8.9326804876327515; 10.93169198792628; 10.381139089210729; 1
10.343058347702026; 10.651390293431954; 10.154083079242518; 1
10.941856384277344; 10.023090664294225; 10.155877552780781; 1
10.850601494312286; 12.235434078987051; 9.255721471740026; 1
5.9879916310310364; 4.3009215854051854; 3.7191094016804254; 2
10.160637423396111; 9.4202051407614107; 9.8367941775971754; 1
9.3389750123023987; 10.193129217799026; 9.4706678815656069; 1
9.4595251679420471; 7.5394372543405286; 9.0031721323790883; 1
9.1895171403884888; 10.484556423387097; 11.080355223960423; 1
3.9098105430603027; 5.2402208456340498; 5.146361271544075; 2
9.8305635452270508; 9.0949676940089148; 10.221729175696311; 1
10.078170150518417; 9.1978645154203953; 8.8589891650686123; 1
10.102123320102692; 9.4481576424778666; 11.501750286605438; 1
12.049485683441162; 10.405734164150626; 10.540704031187039; 1
9.3993374705314636; 10.074071628036879; 10.092911260367341; 1
9.6947214603424072; 8.9521398813841397; 10.541803150481853; 1
9.8195854127407074; 11.433808555125626; 10.874531631653433; 1
9.9256324395537376; 10.002550832672034; 10.350890870860729; 1
10.951461374759674; 11.097966673281134; 10.710131977730246; 1
9.4023366570472717; 9.4308815635739904; 9.6704688081344052; 1
9.5141263008117676; 8.6238809757662267; 9.6450395764182737; 1
9.5738351941108704; 10.566111220370297; 9.8420791765661626; 1
9.929118923842907; 10.977552048831065; 9.9057084879951525; 1
5.4065190255641937; 5.2904878300061853; 6.5090974764544756; 2
9.097024142742157; 7.9647786184152896; 8.1714755297272923; 1
9.7650456130504608; 11.22401878010762; 10.326761086703227; 1
6.9145369529724112; 9.0467646361424094; 9.5785403012857113; 1
9.404279351234436; 9.4123905714970544; 10.637222067859337; 1
10.798802673816681; 8.9653151854452489; 10.484093637955848; 1
10.186440691351891; 10.13636308708903; 9.3628294401725078; 1
4.5906561315059662; 3.2658042219046948; 4.7501580961237471; 2
10.365482807159424; 9.5314532425076184; 9.5924953664007155; 1
11.069474816322327; 11.104141109481525; 11.447586666489316; 1
9.0554083585739136; 9.9503734991240496; 10.413997639724993; 1
9.317258358001709; 9.1784418865074038; 10.892456809367573; 1
11.118751168251038; 9.8101937081983159; 11.422797384718491; 1
11.191299319267273; 10.150850603919567; 11.60653888474501; 1
9.8719856441020966; 10.550524299103348; 11.975191996057873; 1
10.926287949085236; 10.408939815186228; 10.157739613422413; 1
5.8197737336158752; 4.1565929073540806; 5.3374147461291415; 2
9.4422603845596313; 9.432475321191184; 9.4508169272734257; 1
9.6570615470409393; 9.8201173060368703; 7.7663038722677928; 1
10.198279365897179; 9.0399481307215996; 9.1863694112017971; 1
6.5836985111236572; 3.2697799776360554; 4.6764441344682206; 2
10.776376366615295; 10.585959756100221; 8.821019030306136; 1
9.6430024206638336; 9.6795547519486949; 8.2952113373849485; 1
9.9158714339137077; 10.345887669436493; 11.234223881589767; 1
11.139526963233948; 10.667348473374265; 8.0871195748959366; 1
9.3636829257011414; 10.484134610388942; 9.53089781672562; 1
10.782585978507996; 11.285147762363318; 11.53338622193556; 1
8.2745122909545898; 10.116529188494106; 8.1131976790242586; 1
4.3833739757537842; 5.4824716087024665; 3.9975897060446641; 2
3.648220419883728; 6.3117506718986931; 5.0513927957578195; 2
9.7380360960960388; 9.2226064847304912; 9.3842965553835693; 1
5.2952111959457397; 7.018972924172771; 6.9304714479888112; 2
10.654034554958344; 10.516070872848882; 11.357171655436677; 1
9.6560266315937042; 11.392643810167941; 10.896876994195999; 1
9.7142680287361145; 10.317804205367192; 7.908746011902954; 1
6.2576706409454346; 3.8749498010865846; 5.5098226629033498; 2
9.88522008061409; 12.224666983276373; 11.381470216677268; 1
11.132740497589111; 11.753903566699593; 10.122874322823254; 1
8.2014039754867554; 11.032246529687644; 8.0783299800738657; 1
4.4520577192306519; 5.1403035736271123; 6.7306538922992463; 2
9.9198229759931564; 8.8373468263265416; 9.697792116255739; 1
5.6517756581306458; 4.6782054087354519; 5.82355844359651; 2
6.9518822431564331; 5.2057491163688505; 5.5256454381362428; 2
4.9027611762285233; 5.3117237113663922; 3.4142562608971705; 2
9.8844325840473175; 9.537509078116301; 10.999355499041004; 1
9.3626896142959595; 10.199132652137791; 8.8642764595627845; 1
6.6012520790100098; 4.7488257802331564; 5.2761836396104762; 2
10.915595293045044; 10.482023507477871; 10.864451401422205; 1
9.790811225771904; 9.4953133407648114; 10.264673602022185; 1
6.0599408149719238; 5.6385283755560343; 4.6397001632461627; 2
8.7637386322021484; 10.38699204124914; 11.44535863166827; 1
10.016093885526061; 10.74026511689237; 11.029794850654428; 1
8.3090490102767944; 9.1986928982926006; 7.9712973880584883; 1
8.4954891204833984; 9.5516096484571644; 8.8920007215586825; 1
3.6279313564300537; 4.7005147083733743; 5.9044111544969642; 2
10.050010897219181; 10.779729784263038; 9.1008505437625367; 1
11.252272367477417; 9.955616239130288; 10.369073150424285; 1
5.4090886414051056; 4.4835948619185233; 5.5572853622180887; 2
10.499737650156021; 11.208327762708784; 8.7507158486858536; 1
10.138401672244072; 11.230576686882047; 11.066219909486293; 1
10.993890941143036; 10.829116685194897; 10.300390506942536; 1
9.6081178486347198; 8.746469620048309; 10.470820366741458; 1
11.726205587387085; 11.561045356914285; 8.8668572432371242; 1
10.017773987725377; 10.34205336518413; 9.9172406303559963; 1
10.179763913154602; 10.567401262902141; 11.061592769748016; 1
5.7447801828384399; 4.9162702599950281; 4.690927596561985; 2
4.8820201531052589; 4.0366595738213435; 6.3517743085043961; 2
5.4651220738887787; 5.0129201422929137; 4.7062604686139169; 2
9.1841943264007568; 8.9677259500888233; 10.203895889844347; 1
11.504498243331909; 9.9541718241793422; 10.213365521020267; 1
8.6620575189590454; 8.8236079339915712; 9.5376071968557365; 1
11.340789556503296; 9.9297665083706477; 8.731911544998372; 1
10.802284836769104; 9.4958922231332785; 10.469222870447854; 1
5.2002803385257721; 4.820558883268788; 5.4364857026366309; 2
5.6017376780509949; 4.4421057610095005; 5.0482603818349148; 2
7.6456458568572998; 9.3230917175469958; 9.7935589022430616; 1
10.483715176582336; 11.79289092009496; 10.348115125085458; 1
9.1212177276611328; 11.388225165446965; 10.069100144605343; 1
6.6645554304122925; 5.0233379286005038; 6.3996915065008864; 2
9.5352767109870911; 9.3029368667130559; 8.0529279692013418; 1
4.435285210609436; 5.7329500760879561; 5.9688803453985004; 2
8.721182107925415; 9.458659933699229; 10.016268300005718; 1
10.122770898044109; 11.140465959718068; 7.7666068217326441; 1
10.181046470999718; 13.051069673696613; 10.75892610875508; 1
11.289540410041809; 10.366844928877192; 11.244719056369215; 1
10.020688127726316; 12.066416921592523; 10.388707521865621; 1
9.539795458316803; 9.4052073348608971; 9.6148734012597483; 1
11.098935961723328; 8.7352839430899465; 8.8673455221895328; 1
11.925725340843201; 10.52217973524365; 10.60365563732192; 1
3.7582484483718872; 5.8931471661540762; 6.0054643039580853; 2
8.8469821214675903; 9.6053445266619324; 9.7026428487783978; 1
8.8619023561477661; 8.0763469344076313; 10.858203497497176; 1
9.7172396183013916; 10.603906653513823; 9.5608749324529114; 1
8.8482322692871094; 8.3420597539848771; 11.400926372264914; 1
4.4413273930549622; 4.8877759453913834; 3.6735347366786053; 2
10.80561774969101; 10.162596223014797; 10.728152041207721; 1
8.9177852869033813; 8.6256696491442391; 10.501926304638079; 1
10.028926318511367; 10.750806468254257; 10.755784205555036; 1
5.1723158806562424; 5.3499275831485145; 4.6520933502443782; 2
10.34881916642189; 10.656272139452966; 11.6783705459206; 1
4.1572827100753784; 6.2162978991385307; 3.982623708994951; 2
10.537503898143768; 10.877395467953447; 9.1097621427806512; 1
10.205026403069496; 9.0535171182055887; 9.8035579755273758; 1
8.9432523250579834; 10.62778640346351; 9.8354706870766453; 1
7.8252770900726318; 10.162010910905792; 10.863743969194926; 1
8.4044877290725708; 10.375056335440847; 10.696357401726456; 1
10.480217337608337; 11.139624850664688; 12.791555343411385; 1
8.6926960945129395; 9.558267665155407; 8.745482851804022; 1
9.6258689761161804; 10.191741628940392; 9.4632143082063021; 1
10.202906623482704; 8.5423941641037064; 8.8341653593763585; 1
4.4862517714500427; 4.4314676306453551; 4.8880747765885815; 2
6.2859781980514526; 5.8621141085812427; 5.7560533930326185; 2
10.071055576205254; 11.753037301595896; 11.65368995912902; 1
9.2857374548912048; 10.106763298534155; 10.80390558506439; 1
4.6461686491966248; 4.9624861648371033; 2.9565129749323491; 2
8.2457455396652222; 10.13555626099321; 10.326873257467231; 1
3.65238356590271; 4.0276554221354406; 6.8136554356539865; 2
8.5704120397567749; 9.3028884701312684; 9.6349334583679536; 1
9.1391372680664062; 11.768268476330821; 10.74551459269183; 1
10.983547985553741; 12.473784112727278; 11.15363587020876; 1
4.8448692709207535; 6.4483580882389031; 6.1888073928861509; 2
4.7370254993438721; 4.4935012537487609; 3.6612569238197539; 2
6.8068240880966187; 7.1723158566040208; 6.63447554775186; 2
8.755650520324707; 9.8117615093260575; 9.8393044374750325; 1
11.998377323150635; 10.234781404226462; 10.353355290339824; 1
6.0379225015640259; 5.7477151211235151; 4.0867294775599419; 2
4.7914947271347046; 4.3753361184417425; 5.7331877276047809; 2
5.2502233982086182; 5.7388746353573472; 4.0019696378921816; 2
9.4128416776657104; 11.625736240214495; 10.928395392194506; 1
11.026923298835754; 11.604676138827436; 11.839220663048733; 1
4.5800091624259949; 5.8640867016859684; 5.078134086041227; 2
10.580887973308563; 11.748570712013702; 9.4010025252580096; 1
10.753295063972473; 11.767780662704476; 10.146740834552736; 1
11.166513562202454; 9.9097067262027494; 9.2690246358744961; 1
4.1470514535903931; 3.9638098479538724; 5.5013267996913022; 2
9.6363523304462433; 9.1407355804664956; 11.217732704610938; 1
6.5596953630447388; 4.2558639914069074; 4.3011987942942014; 2
4.7615129947662354; 5.6630856326962347; 2.947011908696044; 2
11.126475214958191; 10.575455846592613; 10.289087973165859; 1
8.1670428514480591; 8.0731504422109541; 7.0876143001586316; 1
8.74061119556427; 9.6477888860681063; 9.7352615479073172; 1
9.3625557422637939; 10.198403321082969; 9.6648996947261328; 1
4.5726228058338165; 5.1550989486896377; 5.1769673432137324; 2
10.934372544288635; 9.5083093232047826; 9.2982120168624309; 1
10.736421465873718; 10.245073024583277; 9.9708664708743644; 1
5.345441997051239; 4.4090316732278225; 5.8983903123926442; 2
9.9646420255303383; 9.8936450180083071; 10.598966423003553; 1
10.503991365432739; 11.717844469697301; 10.359954997583237; 1
10.263204634189606; 10.485220385352985; 10.361314143483572; 1
10.416401624679565; 9.41047814781329; 9.7511209905935932; 1
7.5422062873840332; 10.859408869607469; 10.0671203315342; 1
9.5064765214920044; 9.594846839515375; 10.904870804926388; 1
4.2606959939002991; 6.0148509791664075; 5.4652105719256117; 2
10.797679543495178; 10.110972695085801; 8.9516042387994599; 1
9.6338227093219757; 9.7387227729064278; 11.309035496973838; 1
10.658527612686157; 10.785773264505497; 11.728816838860235; 1
12.010827541351318; 10.311051561424717; 11.41667028337357; 1
4.6198504567146301; 4.7802218774753227; 4.2118394177992649; 2
9.802453950047493; 10.414249966257868; 11.536615980113453; 1
5.5134093761444092; 4.0878917476892953; 4.4001650379984696; 2
8.7770531177520752; 10.058679099693391; 11.166189596789998; 1
11.342562556266785; 10.340947970514716; 9.546142185831723; 1
8.1350146532058716; 10.039352349306373; 9.6084352749481869; 1
9.8795994892716408; 9.2644128646452231; 10.266834121243718; 1
10.875965714454651; 11.725730526653338; 10.979221181680346; 1
10.564654409885406; 12.52624322059639; 11.1344108703004; 1
10.342230021953583; 10.327096380922876; 9.3102332150734473; 1
5.481052041053772; 4.1281546710849284; 4.6722749577229035; 2
10.498650848865509; 10.071211125829942; 8.3841836723779721; 1
9.586073100566864; 11.258951700771224; 10.538248532698793; 1
10.167838722467422; 10.746454778833218; 9.1041780167097617; 1
5.4581402242183685; 5.0710877833479531; 5.91232499038051; 2
7.1586384773254395; 4.3749896703013285; 5.796119924384084; 2
8.8527169227600098; 9.9738966836170473; 11.557332961819597; 1
9.3815345764160156; 10.794164647389325; 11.998616443602694; 1
8.5913658142089844; 9.728108673954889; 9.0801683303686485; 1
3.1186550855636592; 3.5959882166526915; 3.7743075702670383; 2
10.051367983222008; 10.234433172171917; 10.342615339662315; 1
3.8916455507278442; 4.3242355976711684; 4.6273320560582887; 2
10.677981436252594; 9.5338516122721497; 10.028965791609876; 1
9.2668585777282715; 11.371172645910869; 11.81007007080818; 1
4.6745157837867737; 4.8120425085360896; 5.2309841135026645; 2
9.5939400494098663; 8.3078685978084259; 6.6570334376768283; 1
10.10078751295805; 10.176578163331945; 9.2974546222368026; 1
6.8298823833465567; 9.0383631278511274; 9.3394358708845271; 1
10.718325614929199; 11.168767222262684; 11.27972518947545; 1
5.5278854370117188; 5.3559053939464354; 5.1130168880043421; 2
4.7126061618328094; 3.614751066782103; 5.003360628857024; 2
6.0119607448577881; 2.540727721825879; 3.638215133098659; 2
7.7918598651885986; 8.4265611549342125; 10.502464500912243; 1
12.004188537597656; 10.8428443900088; 10.023970853874374; 1
5.2431657910346985; 4.9828767812251566; 5.6440760809877961; 2
9.0216100811958313; 8.6084091820116235; 8.6989329108419184; 1
10.350386828184128; 10.328341978416621; 10.522804145576739; 1
5.6382570266723633; 4.2837258441069483; 6.74802332382035; 2
8.9697483777999878; 9.9937145336825122; 10.206523047120966; 1
8.861169695854187; 9.6653840520101486; 9.3128097453988623; 1
10.50237774848938; 10.378873491287658; 10.617926656657131; 1
10.161415860056877; 10.339651180078459; 9.1294129679563749; 1
9.9239163547754288; 9.6613650262933515; 8.9266876052038366; 1
10.498491764068604; 10.869804158535247; 9.2029091782585937; 1
9.537403404712677; 7.9755202119356587; 10.567566480026899; 1
8.4681382179260254; 9.9987928474776737; 12.123850879797743; 1
8.1046528816223145; 8.8517734848800007; 8.6463414062278083; 1
6.1730161905288696; 5.8774427868261228; 5.0648009556422302; 2
3.8725242614746094; 3.972361381281444; 6.2943754627984632; 2
4.0311309695243835; 3.8637352572393384; 6.2412823375394657; 2
10.516530990600586; 10.2711411997822; 9.1059012653894769; 1
4.6273631453514099; 4.3929854007812015; 3.3085953131478374; 2
4.0597918033599854; 5.0856145740304362; 4.4667136888893566; 2
10.098225437104702; 9.4489339689727316; 11.604306949119067; 1
5.4076436460018158; 4.1367166904052555; 5.0321067179096364; 2
5.9031152725219727; 5.3110298840639425; 5.2053778468037084; 2
9.4604824781417847; 10.070977652976131; 9.8189590732892853; 1
10.562394261360168; 10.262368554000986; 10.357851586005456; 1
11.019570589065552; 9.8003451680429308; 11.920352706272627; 1
4.8676866739988327; 6.1601296811850723; 6.9568956967666695; 2
10.764980792999268; 11.244769774201552; 11.335801191049319; 1
11.270494699478149; 10.558325824779812; 10.611866821262124; 1
4.8328834772109985; 6.0548271409654886; 4.6779469075546452; 2
4.6311313807964325; 4.2975277598934953; 5.0336691103750475; 2
3.6318860054016113; 3.2154210178508533; 5.1608118264247684; 2
8.1122860908508301; 8.7888669220103939; 10.261833348405078; 1
7.1269230842590332; 3.7522366763686863; 4.3078306320875335; 2
6.3978736400604248; 5.350219769354891; 3.3462299935960447; 2
9.0613220930099487; 9.019010276522005; 11.115095581797258; 1
9.3137900233268738; 10.06384517893685; 8.7134477943107722; 1
4.8178201913833618; 1.6058265018679667; 4.234445591675053; 2
10.857569754123688; 11.268328337378151; 11.333890104167331; 1
9.8627176433801651; 8.3312590692954434; 10.426156652476516; 1
5.338820606470108; 5.479672691162266; 4.9453891345708962; 2
11.104381799697876; 10.562527205235334; 8.9093207845434126; 1
11.049582839012146; 10.214405774936031; 11.171548504196682; 1
9.4272974729537964; 8.8612178666071308; 9.5650839946124382; 1
5.0235689803957939; 3.8979811373208966; 4.9825998238411078; 2
11.593319416046143; 11.196272886614002; 11.047184549516549; 1
9.4245157837867737; 9.9932396622540924; 10.124759753287979; 1
9.6458480358123779; 11.866813017769919; 11.894422198230069; 1
8.3721206188201904; 9.8351732897434587; 10.015406979880584; 1
8.9743893146514893; 9.7936729055515777; 10.571022835397789; 1
9.9131779447197914; 9.2868794903492038; 10.946072480276957; 1
10.840079545974731; 9.6137227745745477; 9.5450536785652691; 1
5.9088163375854492; 5.6563309832426096; 2.6987492329069278; 2
8.7150802612304688; 12.44186750250396; 11.388157446428988; 1
9.1240096092224121; 9.2737208668764595; 10.081219953007897; 1
9.7813353687524796; 10.741123532268118; 11.756639358788417; 1
10.133661791682243; 9.0951070855388885; 7.0439422598502368; 1
3.8827635049819946; 6.4999573384938101; 6.9063827861324487; 2
10.691196858882904; 8.872310197493519; 10.589524976929006; 1
9.6335846185684204; 10.073089228570161; 9.4092022886534892; 1
10.434680759906769; 10.12754574032029; 9.5512583540809093; 1
5.0675095394253731; 6.0155382462474822; 5.3132208204821083; 2
10.732770681381226; 9.0274360581528761; 8.3769757646927836; 1
7.7453844547271729; 8.7370014139361292; 10.642908570475198; 1
9.5588483810424805; 9.2816580063429832; 10.8257201808771; 1
12.156778573989868; 11.000426074390278; 10.388634780617238; 1
4.998184071155265; 4.9506309643210988; 5.1080715762013078; 2
10.29765573143959; 10.452522355271624; 8.8110068728960229; 1
6.3188749551773071; 4.8670434367104756; 6.0915994259097808; 2
3.6590427160263062; 4.8323796244930239; 5.2431326542016565; 2
5.0579040497541428; 3.9190235513089284; 3.7358035943368071; 2
5.1550440937280655; 6.0127509191774724; 5.6551781678113517; 2
10.39682874083519; 10.583290126328023; 8.7665768004728584; 1
9.7586948573589325; 8.5237717346814605; 8.4381530501089319; 1
5.0293909721076488; 4.8957584216678107; 5.2073521475686864; 2
3.6700413227081299; 5.332453725796924; 5.1180108819851382; 2
9.6406300365924835; 9.7566210961748556; 9.105569666866133; 1
11.21688973903656; 9.6198181588916079; 9.4327872293204429; 1
8.5008660554885864; 10.690732766627567; 8.2770911876404334; 1
11.104138374328613; 8.9230971541725026; 7.8125103173774839; 1
10.263855695724487; 10.779828968844161; 11.329379632430612; 1
8.487568736076355; 11.773163694927998; 10.464220070823082; 1
9.7250613868236542; 10.993702526310008; 12.158042130541556; 1
7.4284713268280029; 8.3885475806135723; 10.005653324486513; 1
10.607692360877991; 11.805146158783231; 9.9163151754211079; 1
9.1901580095291138; 11.058733881750044; 9.3628879265419052; 1
9.0307484865188599; 9.7601902612681481; 11.540774249676398; 1
4.0033308863639832; 4.2596652983123402; 4.2169939712574589; 2
9.6423532068729401; 10.365596336369332; 10.933318684102824; 1
4.1948002576828003; 8.0972915390535842; 5.9747811702019229; 2
10.781594336032867; 10.17435737598141; 8.3067045372036539; 1
