feature 1,feature 2,feature 3,class label
7.0697722136974335, 7.0940516753391636, 6.4209523151771499, 3
2.5750002264976501, 1.8533486425876617, 1.0752477645874021, 4
10.80561774969101, 8.398866544555883, 9.7629232863997029, 1
10.216230273246765, 9.0078490184571756, 10.594705945438067, 1
8.1959609985351562, 7.1377053111872648, 6.1158190766580578, 3
5.5875160694122314, 6.905910717706794, 5.0505673521111598, 3
6.8772387355566025, 6.4415290025866074, 7.3947546069881263, 3
10.993890941143036, 9.94210702999173, 10.965796246844249, 1
7.0705005973577499, 5.4592461323564088, 5.0387090884282415, 3
9.6429972946643829, 11.024747263475923, 9.2554830678890543, 1
5.5440617799758911, 4.7889135776661362, 6.8401224534560336, 3
4.8160111159086227, 5.8686600055444771, 5.9755107677822688, 2
6.4761099815368652, 5.2885633918453223, 4.9964451828098975, 2
6.0615514516830444, 4.645292018304513, 7.0835221808761961, 2
10.416434168815613, 10.607235886815197, 8.1322125272771917, 1
10.499737650156021, 10.437591320414718, 11.168533219152792, 1
11.315830707550049, 10.312166613416316, 10.771131867634816, 1
5.0562979392707348, 3.7822957690357391, 3.4271058521384536, 2
6.6139305830001831, 4.7811615633585127, 4.7493841882823036, 2
3.0531990528106689, 3.2150275707244873, 1.5838762223720551, 4
1.9844254786148667, 0.83253216743469216, 2.4411004185676575, 4
9.826288253068924, 9.8867005314491276, 10.308045288017551, 1
0.82358598709106423, 1.7584702670574188, 1.723319411277771, 4
6.7338666915893555, 4.059918564923465, 4.2238889884366202, 2
9.5859270095825195, 8.1961292937137369, 7.2235812124691865, 3
5.7603840827941895, 4.6968371789970025, 4.5501449772981228, 2
8.873769998550415, 10.343905652640256, 9.0213467650549397, 1
4.6697312295436859, 5.0459710456412008, 4.6889464083656192, 2
6.2504549026489258, 5.0625456767967449, 7.147273377724626, 2
11.726205587387085, 10.959087987728648, 10.748517139578819, 1
5.207546591758728, 3.85723891693541, 4.4573844318302962, 2
4.5265719592571259, 4.4413552294589929, 5.8545434263111025, 2
5.1421641260385513, 4.4227333082925462, 4.9661195824640503, 2
6.6504678726196289, 4.9350339304634518, 2.418666565309433, 2
7.1184513568878174, 2.6621800655911536, 5.4570727757116142, 2
2.122450016438961, 3.3863528966903687, 2.8218773007392883, 4
5.785599946975708, 5.6009531759137259, 6.425056251910771, 2
9.5308564603328705, 9.1595944180216708, 9.578489515212846, 1
10.942952573299408, 9.1141412568829168, 11.691036634094841, 1
3.5163235664367676, 6.4167054264735892, 4.9758895371776637, 2
10.343058347702026, 9.5221406826743991, 10.253122138901045, 1
6.2506976127624512, 7.7499793420785856, 7.4572775705403753, 3
7.4985447227954865, 6.8091661246443822, 7.7299714686672614, 3
6.7746820449829102, 4.2564119395319242, 4.7476128366272317, 2
8.8469821214675903, 7.9123430941015993, 9.4624791074093544, 1
0.21211731433868364, 0.5089071989059446, 2.880059540271759, 4
6.7888948172330856, 6.2585068574687668, 8.4854392647678054, 3
6.5002017021179199, 3.5860124684656598, 4.4335139837694522, 2
5.0739291310310364, 6.1976923944244176, 6.8051029865249912, 2
7.1079020500183105, 4.2221008744522077, 5.8670870273834232, 2
6.8478662371635437, 7.5623518698265793, 8.0439880601231675, 3
10.470334410667419, 9.1367116254962752, 9.6638700023856607, 1
6.0817441344261169, 7.7327047924946228, 7.6802693312108028, 3
7.4278497993946075, 6.9540566037909359, 6.8895500332012096, 3
4.8491224497556686, 4.9704476901662247, 3.2940853298885582, 2
6.9593860693275928, 8.1075311160186221, 6.9456945707096374, 3
5.3115503787994385, 6.4067279335707497, 6.6267920226388437, 2
8.4550665616989136, 9.4874696280150737, 9.6885436769429649, 1
11.007057785987854, 11.423177892081997, 12.610055748512561, 1
4.5556686818599701, 5.3471974820484904, 4.5508877389108777, 2
1.4474152326583862, 2.4278145134449005, 1.3565282225608826, 4
11.593319416046143, 9.6188323720499476, 11.007762311857991, 1
9.0056262016296387, 7.2712656286553328, 4.9758143309892988, 3
5.6433365345001221, 3.4414180370247616, 5.8724681664724265, 2
8.1227347850799561, 6.4495637397921453, 5.4225646609447828, 3
3.860005259513855, 4.9752888544683067, 5.0040369444144908, 2
5.4082834422588348, 2.9513631676374761, 4.9297470968206527, 2
1.5309503674507141, 1.5201826691627502, 1.4199551939964294, 4
5.1788876056671143, 4.8661513478056264, 6.9584725786607544, 3
4.5779156386852264, 5.4340619128514387, 4.3491047488695198, 2
6.8359843641519547, 7.0738293787423467, 5.8648358526297955, 3
10.202906623482704, 10.601966135038243, 11.463577590667622, 1
6.999317733454518, 3.5161313979489037, 6.8829643363288628, 3
5.1640639305114746, 6.1706555397153382, 5.0466073713708228, 2
4.447187602519989, 3.6371473612046987, 6.1597517554318717, 2
5.1495533585548401, 4.9424874660643043, 5.5912802221303757, 2
4.7897139042615891, 5.127147896140916, 5.805016151439192, 2
4.4080466628074646, 5.1694623163485325, 3.6771441189099541, 2
1.6627878248691559, 3.2945791482925415, 3.8983955383300786, 4
2.8877270221710201, 5.3708467836583065, 3.5306030262260091, 2
7.6859380602836609, 7.074186461026704, 5.5972410797674339, 3
5.3224022686481476, 3.9309385251690148, 4.4490789395523933, 2
6.5588506460189819, 6.1915463373265345, 5.488675548779228, 2
4.588109165430069, 5.6004120784291684, 6.6758818156809854, 2
5.2689598500728607, 5.8905647038189226, 3.4714993713100899, 2
10.078170150518417, 9.5623837840225967, 11.649222692933488, 1
4.5663119852542877, 4.8596319615293009, 4.5569789961272695, 2
6.4206690788269043, 4.9305477712520522, 4.0690410748422101, 2
9.9158714339137077, 11.777815474431488, 10.61235434205504, 1
2.391499936580658, 2.9417806267738342, 2.3908779323101044, 4
7.2231852114200592, 5.6973771676563727, 8.1356350415897403, 3
2.2585203945636749, 0.23323297500610307, -0.20043921470642134, 4
4.4175204038619995, 3.4095544750346924, 4.5475417507527629, 2
9.1867901682853699, 8.9226729609425099, 8.8743798483770551, 1
6.5461280345916748, 4.3832002608507832, 5.6616205726034696, 2
8.721182107925415, 8.824523659605358, 8.9270940857974566, 1
10.155891001224518, 10.929616227062651, 9.8831341888478761, 1
10.732770681381226, 9.5380340820693146, 8.8008338977396505, 1
9.3636829257011414, 10.442608198033939, 10.956247032794602, 1
6.3788255453109741, 7.231801715581696, 5.6706561349463902, 2
6.5079099535942078, 7.5561593683652237, 7.9720571268368845, 3
10.495009511709213, 9.7120740550757123, 9.8146409641242602, 1
5.1142075657844543, 4.9909189893754817, 4.5940664771222472, 2
6.0073429346084595, 7.2910849548078422, 8.1240778397265938, 3
6.568200409412384, 6.501208100067311, 7.1752183879925306, 3
6.9723041169345379, 6.4802708451408906, 7.4154992652219951, 3
10.691196858882904, 9.608684348833215, 9.1296773666022286, 1
6.9798359870910645, 1.9607752497549122, 4.8813322315458958, 2
2.505230188369751, 2.2383169531822205, 1.9775412492454052, 4
5.0435588769614697, 6.649270989670824, 5.8104626851845307, 2
6.5041560232639313, 7.9426054034980265, 6.3819865344493953, 3
3.8025990724563599, 6.2315933081175858, 5.147200798301566, 2
5.2728295028209686, 4.5005399266417712, 4.9167923725764657, 2
7.3537148833274841, 7.4430039106504911, 8.753231087655637, 3
5.8578299283981323, 6.7338379367801666, 7.4423047446897579, 3
6.683942437171936, 8.7167626857322436, 6.7140881553333811, 3
4.3008648157119751, 5.963072522172058, 4.704809096474869, 2
8.3028326034545898, 7.2149680879579083, 6.4496164077407032, 3
5.9330803155899048, 6.7747629088043526, 8.0497065735839257, 3
8.9605975151062012, 10.895835296837067, 10.37793810873305, 1
6.8497360646724701, 6.0030936568253006, 6.3344601873807651, 3
0.58498430252075173, 1.6801487803459167, 2.0564286708831787, 4
5.5448487997055054, 5.7854099371728296, 7.0634558136865682, 3
10.051367983222008, 9.8425325612040364, 10.288659748854185, 1
2.2044031918048859, 1.8496990650892258, 2.5731743574142456, 4
4.3702322840690613, 5.0133457137286994, 4.5897749396928118, 2
5.2209510803222656, 6.2359701860028833, 5.8211488133805176, 3
1.7331756949424744, 3.4959967136383057, 2.2402943223714828, 4
2.63105708360672, 1.4103847742080688, 2.645507276058197, 4
4.9496656209230423, 6.3046038297787241, 3.9825913459039208, 2
3.5983192920684814, 4.8466745239112514, 4.9078761351692854, 2
7.1163847893476486, 6.4438761970598772, 7.800073562127646, 3
4.3251374363899231, 5.2724566583709516, 5.0103959759887351, 2
6.4717087745666504, 5.107762746767488, 5.0571680945176869, 2
3.8079895973205566, 4.8374638345714756, 4.1917664351620987, 2
5.2194516509771347, 2.9455808249585602, 6.1544409873508155, 2
8.8921225070953369, 8.9628963351654178, 10.444878566950713, 1
3.4848852157592769, 5.5493105555833262, 7.039986623220206, 2
6.7183248996734619, 4.1714639431684226, 7.1866995212445275, 2
6.0462404489517212, 5.9233200645239954, 6.5270577554916471, 2
3.9703203439712524, 4.9378444022072285, 4.284949266153081, 2
4.1086607575416565, 3.6261860081105315, 3.8346583994206584, 2
4.7105819880962372, 3.6493913760447212, 4.8752518910897091, 2
5.1479842811822891, 5.4221111232403905, 5.1862610799331517, 2
3.0282011032104488, 4.4566101748393727, 4.3285559351854932, 2
5.359279990196228, 4.8515154460562266, 5.0071084532779215, 2
6.5534307658672333, 5.4898351807450538, 5.5120955773042608, 3
7.1820352524518967, 8.0576853119902783, 6.3428044113108921, 3
10.935570180416107, 9.8205419938990683, 9.2104590037381069, 1
8.2944225072860718, 5.8528816793341498, 6.6054011334101927, 3
5.7952898740768433, 3.8747973935934774, 5.2966375546843727, 2
4.3568949699401855, 5.9681315245422439, 5.6229706224050062, 2
9.2837506532669067, 10.522335188024716, 7.6757075500302765, 1
3.6270184516906743, 3.2958288192749023, 3.2334004640579224, 4
10.498491764068604, 9.3392226540087506, 11.516293377664722, 1
9.6296339631080627, 11.353055049460918, 11.660100727517433, 1
10.266966700553894, 10.527335485497574, 10.514284205221019, 1
4.1108913421630859, 6.9386260857383917, 4.0506959421199573, 2
3.4062533378601074, 2.6774600744247437, 1.3247992992401123, 4
2.5722245573997498, 2.19500632584095, 1.856995478272438, 4
4.0724562406539917, 5.0321575424375586, 2.7545302743241473, 2
6.1276413202285767, 6.2360514464697614, 7.7170674244881656, 3
6.1976247429847717, 6.4023920366595393, 8.5856996678985329, 3
7.4630765914916992, 6.4940677143744434, 4.6352091307782102, 2
7.6730111837387085, 7.0331994001435891, 7.9104346711466187, 3
6.2302206754684448, 3.8900749819321572, 5.1272085771842804, 2
4.1304311752319336, 6.3449251416233636, 6.2357766006646695, 2
4.6394487917423248, 6.7695230787994483, 4.5390678039105739, 2
7.3348790407180786, 7.0641817752692724, 7.7834653795586384, 3
7.142106294631958, 9.9222299309579043, 9.8977398415330757, 1
2.1221739947795868, 0.49003124237060502, 1.1815109252929685, 4
4.307442307472229, 6.2498140097178077, 2.683007802800434, 2
7.9996464848518372, 5.5691911141349362, 6.5084458062572033, 3
6.890729546546936, 4.6322016883293706, 5.4093154552614884, 2
9.7356824576854706, 8.0009244594362965, 9.8478109856319467, 1
3.3911976814270015, 5.1238920267395498, 5.391448640559199, 2
1.3921362161636353, 1.2246319055557249, 1.5452765822410583, 4
5.5986025333404541, 6.4733302559794765, 4.5844774223130758, 2
6.8996082916855812, 7.561750335638048, 6.8948723421484761, 3
8.7093666791915894, 6.5703526182794176, 4.2089181755757199, 3
9.7650456130504608, 9.0844751888495328, 9.4552230048439601, 1
6.4673585295677185, 8.2226611398423888, 8.944507269119427, 3
9.5536757111549377, 9.7171803329965876, 11.13524821915666, 1
5.7084728479385376, 7.3218091635175178, 5.2009545910905803, 2
5.9263913035392761, 3.3937192157830891, 3.8356992613231204, 2
4.8993566036224365, 6.2311044277816015, 7.1101349605645607, 3
6.9145369529724112, 10.132432432945622, 10.299579847869714, 1
7.8927388191223145, 8.2089098092949691, 8.540762682706962, 3
7.3914386630058289, 6.1117756805682877, 6.0420958085801786, 3
8.4954891204833984, 8.6727418685238327, 10.741509928339246, 1
5.8564395308494568, 3.3337760827481522, 2.9719993271023806, 2
5.9367846250534058, 5.0168579841551137, 5.5486820019159833, 2
7.5880784392356873, 9.0241143217568993, 4.949136293239663, 3
7.7918598651885986, 10.225944278757467, 11.132043487464248, 1
5.961442232131958, 7.7918877895278618, 8.139736387655649, 3
8.436919093132019, 7.8914599248907713, 8.6363125277849093, 1
6.6245792508125305, 6.5366397720274518, 6.2523914337380697, 3
8.402063250541687, 8.1103176766145264, 6.0136420666364971, 3
7.5414522886276245, 8.5699817488800356, 8.2861895976998348, 3
3.3167216777801509, 4.5148045467551983, 4.7733714123523043, 2
3.5429754257202148, 3.6501786222602215, 2.6036662783126143, 2
5.4964372217655182, 5.5366837698814493, 4.4291896808912803, 2
4.244648814201355, 5.3583365081145278, 4.0238132623317213, 2
8.3090490102767944, 9.0442481416256211, 8.9149205445358231, 1
7.5723208785057068, 8.2084763848418056, 6.6825328167210758, 3
3.8578048944473267, 3.3537826464499823, 4.3156048587015681, 2
5.6473228931427002, 5.3473999220937021, 4.1508772678951953, 2
6.5490990877151489, 3.4387485536953459, 5.0745562980097141, 2
8.4347295761108398, 9.8312305230656243, 9.9532765673369692, 1
8.74061119556427, 9.297215717338764, 10.872189591863, 1
6.7677479982376099, 6.4917436470219618, 6.7115318405674946, 3
5.3105002641677856, 4.1677343394492423, 4.2137642629995842, 2
2.3394044935703278, 3.0494308471679688, 1.247187554836273, 4
5.0167000275105238, 2.7886201084415028, 4.6993473659238303, 2
7.2939705848693848, 4.4368708771048739, 5.1139374190489821, 2
7.2532548606395721, 5.9924714864333266, 5.0618034108879657, 3
7.5232727527618408, 9.2517712036942363, 5.2465122893821388, 3
3.6755093336105347, 6.7264125376294137, 4.8667371404576807, 2
2.1772018373012543, 0.76959049701690652, 0.025852203369140181, 4
6.6166748106479645, 7.0559669248739807, 5.0300560596908888, 3
4.7381656467914581, 6.6695201735611187, 6.705348363176693, 2
9.7250613868236542, 11.632307831572739, 11.229263791434505, 1
11.732198119163513, 9.8777183561892787, 9.7507746268556037, 1
6.3461816906929016, 8.3782278458469541, 6.2953437573954556, 3
5.600395679473877, 5.3141603533620785, 6.7220183254488228, 3
10.181046470999718, 9.077586865978633, 9.2079050393293382, 1
5.4988571107387543, 2.9432294103795402, 4.9374082838301518, 2
5.5935081243515015, 5.1338940916018583, 4.7712813437127757, 2
6.3741006255149841, 7.5434342992039856, 7.8693874876155272, 3
3.0596728324890132, 6.2178636757722563, 5.3689380718817938, 2
1.8097714334726334, 2.4251552224159241, 1.7798026204109192, 4
5.3647725284099579, 5.8405789698131549, 4.9828904393555824, 2
9.5141263008117676, 11.301754540026188, 11.529512757549755, 1
5.7987802624702454, 4.7480971752268273, 5.0970429560083295, 2
8.9610452651977539, 7.2006691976129673, 8.2635498427494518, 3
10.161415860056877, 10.532050961070741, 10.563006945545281, 1
4.2532444596290588, 5.6493901669283799, 3.168221458167503, 2
5.0509258545935154, 5.3154305926826764, 6.2934618579749788, 2
10.167900964617729, 8.9050828959435933, 9.5058238550842784, 1
4.4868811368942261, 3.7107527634576036, 4.697155786606408, 2
4.4342769384384155, 7.0258698628514571, 4.3021123405480726, 2
10.090384893119335, 9.3728135621084654, 8.8036115425661094, 1
4.7589061856269836, 4.032601003149864, 2.9466797499467643, 2
3.7601644992828369, 5.1645590550831502, 5.7851367301035204, 2
11.098935961723328, 8.9183037460206194, 10.868114743513109, 1
11.347773790359497, 9.1703439700629552, 9.9918643729862993, 1
5.1042923927307129, 6.8278791027401127, 7.3933918036163355, 3
4.3566351532936096, 3.6122506384974176, 4.1789771001867795, 2
4.6542781889438629, 2.956525334696595, 5.7016322802681847, 2
5.7843751907348633, 6.561708812316545, 6.9943138899996908, 3
0.9848436117172239, 2.205909788608551, 2.771586000919342, 4
10.342230021953583, 10.565993177157615, 8.9933947040826769, 1
5.5573726892471313, 7.0679785316715718, 7.2270108158923572, 3
6.7596935927867889, 8.7374438061115836, 6.8899183926744554, 3
4.953092847019434, 5.5285672313326462, 5.573104612182032, 2
4.9107882976531982, 5.9503881785577413, 4.8294893933959164, 2
5.4973148107528687, 7.7440303563298913, 7.6185029884928692, 3
3.6212347745895386, 4.9985686051213127, 6.0588504907984424, 2
5.6977660655975342, 4.9821260687805733, 6.3851265449114747, 3
4.9007261693477631, 5.1188913093949928, 5.2354297815893291, 2
9.9641267918050289, 9.8753212040075145, 9.6283734436709363, 1
5.9743260145187378, 5.4143576415531181, 5.4237086763354672, 2
3.4075682163238521, 6.8319713817447241, 6.282498857697993, 2
5.9808549880981445, 6.7377670020979368, 6.3504100654349767, 3
7.9696924090385437, 7.0079562336323251, 6.7147928865721687, 3
6.033086895942688, 5.7934630745353024, 6.0980313135501403, 2
3.8006135225296021, 5.059752063915024, 4.5861166156421609, 2
6.7985265254974365, 7.8805556724726866, 6.7353369545792585, 3
7.400247186422348, 6.6974630557352315, 5.6374855849920111, 3
10.763919055461884, 7.4416458539421697, 8.775763352714602, 1
8.2364295721054077, 7.0690237088197732, 7.6082889808758773, 3
5.3095220923423767, 4.7172099900659692, 6.3040260593882804, 2
5.719200611114502, 6.338869210024682, 6.4584116902451978, 3
4.8328813463449478, 4.9681110307966163, 5.3854539007772244, 2
10.945721626281738, 9.8301952271085753, 10.342696558060402, 1
10.645522654056549, 10.384028174285945, 11.110622273094975, 1
5.7632584571838379, 8.3017784364965266, 9.07333098299301, 3
8.2776085138320923, 7.2881570832677864, 6.6995196715406307, 3
8.0628690719604492, 5.8179281440894988, 5.5755588478373967, 3
6.7478421628475189, 7.0014369723402323, 6.1792998475352503, 3
10.887384355068207, 9.8003873280415839, 12.189069275010926, 1
5.4511211812496185, 6.3422227773803597, 6.9443656111243905, 2
3.6561442613601685, 6.236028890683901, 5.9145203103585553, 2
6.8633867502212524, 5.4010239338663686, 3.331290781182064, 2
6.3006483316421509, 5.3547320274372705, 4.9762317330136012, 2
5.5611093044281006, 4.9713346525569877, 5.7096431717677483, 2
10.434680759906769, 11.229881354154305, 10.710768596411775, 1
5.3193570077419281, 5.4128312133027556, 6.3305034434062488, 2
7.7545037269592285, 4.4482848208984489, 5.2916572129552444, 2
2.9710066318511958, 5.0527005641944216, 5.0222035013746478, 2
10.857569754123688, 10.642072728225845, 10.715291013035817, 1
6.8936663568019867, 6.6984933323461533, 8.1176066985825521, 3
4.3754593729972839, 3.8545365505248199, 6.0670736033547046, 2
7.3794582486152649, 7.1549572606808161, 6.8776774573665271, 3
7.5896769762039185, 7.778997511237975, 6.5471491330049068, 3
4.4180143475532532, 4.9223088629253802, 6.2822428401596966, 2
6.1624301671981812, 4.9150484537062944, 4.4574622842246328, 2
5.8784440755844116, 7.0498947691926777, 7.2622736545307864, 3
9.6335846185684204, 9.4402257616976826, 9.3841449800319481, 1
1.6794824004173279, 2.4961001574993134, 1.1498084068298338, 4
6.9254603683948517, 7.2416196714749637, 6.2685569897794009, 3
7.0321596972644329, 5.0037291451954236, 5.3308584952306308, 3
4.6718364655971527, 6.2231558135066436, 5.3641852726113175, 2
7.8492923378944397, 6.1311793050136441, 5.791305704688277, 3
11.132740497589111, 10.113315619527402, 9.4558597820042358, 1
7.6327921152114868, 7.6123172060295836, 7.5311690884378928, 3
2.3621557652950287, 3.1271810531616211, 1.6326794624328613, 4
1.8645762503147125, 3.6737587451934819, 2.6738891005516052, 4
5.1488847732543945, 5.9278287141215458, 7.3512780896439054, 3
2.1241489425301552, 1.5801909565925598, 3.304790735244751, 4
6.0096542835235596, 3.3743246048439879, 4.8614319444151519, 2
7.8530594706535339, 6.8642852504879217, 7.0654177548452282, 3
5.6675550937652588, 5.7101040541345682, 4.963136615627918, 2
3.697319507598877, 6.8016669320052126, 4.1054624380623128, 2
6.6503839492797852, 6.272699442188868, 6.506712383452248, 3
7.996074914932251, 9.7301762580775204, 8.7426674330626497, 1
6.7606358379125595, 8.0210588003019296, 7.1088617714445679, 3
4.1972461938858032, 6.2820838121246139, 4.4830246558819482, 2
10.10078751295805, 10.252186909789014, 9.6272717876227567, 1
5.7275872826576233, 4.6540481249158869, 4.3471092792815469, 2
6.5146816372871399, 6.8008541983298869, 8.0435218957531518, 3
7.2055873423814774, 7.8182187491611099, 7.1477596357984838, 3
6.897827997803688, 7.4890587191155307, 8.164451706048629, 3
4.4446218609809875, 5.3014299936628158, 5.6769856852628786, 2
2.0991814658045769, 2.8272385001182556, 2.2892500758171082, 4
6.5588908493518829, 7.7052739415263325, 8.7801961131470811, 3
4.6109461784362793, 4.610059935890126, 4.8513923463619024, 2
10.687547147274017, 10.898199808080179, 9.8589887373300584, 1
6.2214854955673218, 7.0619365837212484, 7.4341587768215591, 3
3.8481833934783936, 4.8442652267281598, 6.0017910237003509, 2
1.3850760459899902, 1.2967577576637268, 2.1461645066738129, 4
7.0378586538136005, 6.8622396789663904, 8.3429134880116358, 3
5.506011426448822, 6.6890982352394293, 5.2120892804418428, 2
5.3137061595916748, 4.6027993171669879, 6.475353796754435, 2
5.389921098947525, 5.7470515293700348, 5.3111106964810357, 2
8.588871955871582, 9.15391731727515, 10.779896499563002, 1
7.6118283867835999, 6.0808495268917229, 6.881077301568026, 3
1.2350443601608274, 1.5910449922084808, 1.5247259140014648, 4
5.1493906080722809, 4.8275978815909788, 3.9191684279905257, 2
4.3572835922241211, 3.9682334252908746, 4.470687065162096, 2
5.6044340133666992, 7.2332299761057177, 7.8254165432813805, 3
6.0999160408973694, 7.9605508975813208, 6.9077063708647488, 3
10.922574937343597, 8.9732311715407427, 10.285320109111106, 1
4.7455092668533325, 3.0780111540365529, 3.2762584342743817, 2
0.6976804733276365, 2.659066915512085, 2.0778363049030304, 4
6.0478365421295166, 4.7902992196581815, 5.0134032315279526, 2
3.1082353591918945, 2.521580696105957, 2.3947392702102661, 4
7.7231957316398621, 7.246590562241872, 7.0965698031957931, 3
7.2077571749687195, 7.2222065574951415, 5.9474409695231216, 3
5.2001430243253708, 3.4800761699686982, 4.7531099535360797, 2
1.9323461726307869, 2.0973326861858368, 2.2690942883491516, 4
6.389761209487915, 7.4630853069900933, 8.3461326775150546, 3
4.5154508054256439, 6.4998768046936153, 5.4488092611501733, 2
8.1250907182693481, 7.6153652273938217, 9.8785896410054832, 3
5.017783647403121, 5.2302656133795438, 6.5990667434948262, 2
8.520041823387146, 7.5843989711917317, 7.2458311660007721, 3
2.3622062802314758, 1.2775761485099792, 1.5270898938179016, 4
6.2458740472793579, 3.8149818914384541, 4.4257409758648718, 2
6.0589028596878052, 4.9012005235896021, 5.0189350392859948, 2
3.3550643920898433, 6.4652109064834544, 4.8645677899265092, 2
2.0811548754572868, 0.41829812526702836, 1.1548478603363035, 4
7.9318362474441528, 5.6183892595131422, 5.6705183607962546, 3
5.8607122898101807, 4.7458052911481463, 5.9255470274054414, 2
7.9097598791122437, 8.1127586486061265, 7.4896576723768913, 3
8.6941468715667725, 8.9447215937853635, 8.9732856870990094, 1
5.4034258127212524, 6.4444262113897208, 3.9784231676032782, 2
4.3133241534233093, 4.9489295951502941, 4.2443026539565087, 2
0.9333604574203489, -0.67501235008239791, 2.3335377275943756, 4
7.0336450897157192, 7.4720021841645945, 8.3179472978952855, 3
5.1653112024068832, 4.8143280451930028, 3.8172478735604027, 2
4.6872323453426361, 3.8262742328236001, 4.8085299396672117, 2
9.0385787487030029, 9.557171054838804, 8.9959063552720941, 1
4.8494705110788345, 4.3528708393319313, 4.0284848590098932, 2
6.3995476961135864, 6.9751554108371314, 7.4715351565871728, 3
5.2841387093067169, 4.9982884404088983, 5.6495350663822546, 2
7.5840041041374207, 6.6606567975821349, 7.1104280244783453, 3
7.0665713101625443, 7.8274552135788218, 6.1410223206051748, 3
10.781594336032867, 11.462928582648024, 10.078976117275522, 1
7.7270111441612244, 7.7678037208251371, 7.1273946806149571, 3
5.514315664768219, 3.1932893585241384, 4.9361332817850316, 2
1.4515220522880554, 1.1928339004516599, 2.1534884572029114, 4
11.030762076377869, 10.927695146084783, 9.8744061815518709, 1
7.7910311818122864, 7.1914660781492117, 6.4159624761571701, 3
6.4317351579666138, 3.776234260477481, 4.5650346704787124, 2
2.2217074185609818, 3.4259772300720215, 1.536523848772049, 4
4.677439272403717, 4.5463207281619535, 5.315681194689593, 2
7.0313484854996204, 5.9946025431671757, 8.1266085180556065, 3
9.8550385981798172, 10.221688166235946, 8.2545904557541903, 1
9.6560266315937042, 8.3002459384528677, 10.84824653951863, 1
6.1794813275337219, 6.9854406029982377, 6.0683927385435688, 3
4.2963609099388123, 6.3018981455697531, 5.2490780375191708, 2
4.5619440376758575, 7.6108568856462524, 4.86530625109138, 2
4.3915648460388184, 6.2046215143107766, 6.9943927763961664, 2
8.861169695854187, 10.063875803587598, 8.6086886013820845, 1
9.2093174457550049, 6.6381345343717362, 5.0932105809610508, 3
6.2825307250022888, 8.3675604640455017, 6.5756556667814845, 3
5.6647753715515137, 5.0531273324837569, 4.7251085483334316, 2
4.5958659052848816, 5.3688169363983969, 5.4983436197509299, 2
8.0082093477249146, 7.5939239133842102, 6.9199785778924818, 3
3.2662476301193237, 1.3762285709381104, 2.2020159214735031, 4
10.412022918462753, 10.258536528250456, 10.808263483303634, 1
3.2019926309585567, 5.4021951751248931, 7.1838396503376893, 2
6.2826480865478516, 5.0031670313451357, 5.3315730688119167, 2
9.7142680287361145, 8.9334172933213587, 8.4911976511451641, 1
7.4638286530971527, 7.010867154221752, 7.665866568651972, 3
6.1738826632499695, 5.6636005570057826, 6.0221829108172606, 3
8.8565397262573242, 10.594414437646286, 10.227655449496311, 1
5.3486959338188171, 4.2483398245799853, 5.3829338711226775, 2
5.2635902166366577, 4.7806534047929299, 5.9848320626279143, 2
4.4375552535057068, 3.9181316677634612, 4.7290382943151821, 2
9.8510365635156631, 9.2276154474246077, 11.959369352248293, 1
6.1142867803573608, 2.64735273480462, 4.3692181055141601, 2
3.2937486171722408, 6.8101772083612566, 5.0318881722934368, 2
5.0209191367030144, 5.4030096840110957, 5.673900079012796, 2
5.5565541982650757, 5.2277806087087706, 5.3596395790192366, 2
7.2729125916957855, 6.8328835688864196, 8.3680886670833008, 3
9.9495429061353207, 9.1464388085008075, 9.4064392566066299, 1
9.9483118057250977, 7.1758507082325202, 8.0498368536275251, 3
7.7620035409927368, 5.7604492758776527, 7.9899926137640458, 3
10.537503898143768, 9.838284634389332, 9.7023539945445911, 1
4.7085347175598145, 6.248446211007284, 4.0490034863251116, 2
10.088929988443851, 11.281272400609501, 9.1790072060199766, 1
10.850601494312286, 9.7141355422887781, 9.5783476596482142, 1
3.1628341674804688, 4.1663541793823242, 0.62576472759246804, 4
2.9125094413757324, 0.8171044588088987, 3.6689407825469975, 4
3.8745849132537842, 7.0354140528081661, 5.7097027913283176, 2
6.3170965909957886, 6.0812829555724788, 7.601295556332099, 3
5.8175810575485229, 5.0994682036981516, 5.4056111694935964, 2
4.1414359211921692, 6.4313450267814538, 5.3159060061343339, 2
6.9836350567638874, 5.6425698138480076, 7.885629552801678, 3
7.7453844547271729, 9.3495457803694855, 9.174709212064057, 1
4.6007850170135498, 4.5835771560668945, 3.2561771869659424, 4
10.207408547401428, 8.5596077624220595, 9.3585480788216913, 1
5.4010949730873108, 5.6275464426357793, 5.0783695439446532, 2
2.1601679623126984, 2.4661068618297577, 0.91736090183258034, 4
6.6130835711956024, 7.9137450166493011, 5.7050907201471581, 3
7.0179064404219389, 7.0120320723478562, 6.3697088847237948, 3
5.7914103269577026, 8.3319039778728552, 8.6617463776780959, 3
6.3333796858787537, 7.8383405456730646, 6.4672800643145099, 3
6.7407228350639343, 7.1169348972051454, 7.0178583776932779, 3
9.8583542108535767, 6.8656026080071699, 9.505098940302485, 1
6.2440494298934937, 4.5556154836229741, 4.8437595028915563, 2
7.9116561412811279, 7.9873416895809566, 7.9834400672316104, 1
10.014402880333364, 10.733966689218637, 8.7547095354808633, 1
10.138401672244072, 11.254651662171511, 10.044864088805941, 1
5.4414995610713959, 5.5770117729483175, 5.1374420745526219, 2
8.581477165222168, 7.4208252584301784, 5.9188639094160118, 3
3.0579192638397217, 0.38073015213012651, 2.599116325378418, 4
9.9399387240409851, 8.707096741931819, 7.4581639614402313, 1
5.9657776951789856, 4.4930025364631527, 4.5338911281401115, 2
5.7857704758644104, 4.644004152412232, 6.4383878409448769, 2
10.911011397838593, 8.9015473310531696, 7.9752471342262421, 1
5.2159142345190048, 4.9761952243841057, 5.5576400914355615, 2
2.413688063621521, 3.7562721967697148, 1.4399071335792542, 4
6.6503908634185791, 3.8955509829755917, 4.6603287261264699, 2
5.4874116182327271, 6.1670510529824574, 6.4401728609118054, 3
1.2604569792747498, 0.67679524421691872, 1.867634043097496, 4
6.5769075155258179, 7.3403167933216418, 9.1190693064134667, 3
5.7263071537017822, 6.1879681961873976, 7.6390320255245001, 3
4.6461223959922791, 4.0074781672099435, 4.6356118210966111, 2
5.2038841545581818, 3.5534393190720102, 5.4435568604901903, 2
6.731123685836792, 4.7301696623878993, 6.1000296046651394, 2
6.2626953721046448, 5.8183752237372168, 6.5884310031072868, 3
3.0331287384033203, 0.78900802135467507, 0.74110662937164284, 4
6.2750147581100464, 5.2127258306547422, 3.9196715199829026, 2
7.1048049926757812, 5.4557182707181324, 6.7666318704611488, 2
4.9987701955251396, 2.66245186273391, 4.1464025914187346, 2
2.9023471474647522, -0.41175961494445845, 2.2933531701564789, 4
9.9500484764575958, 11.438392071956404, 10.550796043956327, 1
2.7402933835983276, 3.1520428657531738, 1.5867273211479187, 4
2.0982525870203972, 3.1190013885498047, 3.3668829202651978, 4
1.8417984992265701, 1.3950087428092957, 2.8764561414718628, 4
6.5962320566177368, 4.0671656657385187, 5.3747687297763225, 2
8.8819944858551025, 9.5918123140739162, 8.2378545491683965, 1
8.1910547018051147, 8.4951894802510424, 6.3259263030114345, 3
8.0203965902328491, 7.187477582260783, 6.7328105556249378, 3
6.3181389570236206, 7.3721729888180123, 7.5565304211992022, 3
7.0987270101904869, 7.6954113458598865, 7.2144918790812484, 3
1.0847522020339964, 1.3289338946342468, 1.1454225182533262, 4
1.951394610106945, 3.0867663621902466, 1.5974931418895721, 4
5.9927122592926025, 8.3206764281160659, 7.0516462171335679, 3
6.5196624994277954, 5.0641883497461109, 5.3556389159993394, 2
9.5738351941108704, 8.6317113672235006, 10.770475700475686, 1
10.23044827580452, 10.961584040430196, 11.449839322749368, 1
4.908082902431488, 5.4156915558598895, 4.4709936892227091, 2
5.93056321144104, 7.039911139319603, 5.7193198476545479, 3
11.925725340843201, 10.129481374997546, 8.7346090417991853, 1
5.8855944871902466, 4.2625643768871146, 5.0517665050871496, 2
7.6707473397254944, 8.1240166441006654, 8.2236632489820245, 3
6.1099588871002197, 5.4271786833458924, 5.2955696431185499, 2
6.4415706396102905, 4.6795511636999567, 6.2700348104713264, 3
5.3320428431034088, 6.0064653971335344, 4.9673046068880566, 2
4.9504353776574135, 5.3698928478366321, 5.2684102387938143, 2
6.2359592914581299, 4.5136561503851649, 4.539028733629066, 2
5.8795655369758606, 2.0507244917533387, 4.5391818208708221, 2
5.4027233421802521, 4.9608239460748997, 4.4617087003557723, 2
2.5494317412376404, 0.39667856693267778, 1.6001051664352417, 4
4.5515622794628143, 5.8028800124680417, 4.8299506148248312, 2
5.3474361896514893, 5.9480179054821116, 7.2512962892851931, 2
5.8082558512687683, 4.0946399986774384, 5.5453463204612721, 2
8.6620575189590454, 10.629508015333567, 9.6084031710360325, 1
5.8950624465942383, 4.0393497894599566, 5.4566343187796447, 2
10.120080426335335, 9.2054362068220961, 9.0223026193930895, 1
1.2545389533042908, 2.760610818862915, 0.12117516994476274, 4
9.3547517061233521, 8.1632027380978993, 9.8021033648654736, 1
6.8005605936050415, 5.8086183724575102, 6.9469686463070293, 2
9.3217413425445557, 9.275821586585959, 9.5776088813021296, 1
5.8246537446975708, 7.9639583739614936, 7.9055420245941255, 3
7.6280779838562012, 6.8614301409287339, 6.4610091590212866, 3
6.8518012315034866, 7.3548203434526709, 5.9950034004791348, 3
7.7961745262145996, 6.4619594794420063, 6.8223796393725902, 3
5.2435835599899292, 8.0391662129510326, 9.0216814300933024, 3
5.6015217304229736, 6.3513891288156419, 5.6394315691195702, 2
5.2547630667686462, 4.3488787628956738, 6.3164551800847626, 2
3.2689930200576778, 6.6878577673123107, 6.2166485159354341, 2
3.956210732460022, 4.3144957463197668, 2.8421767579620218, 2
6.5825105905532837, 6.2353882858038618, 5.5054158518530301, 2
4.1903883814811707, 5.5250753444663356, 5.5924276939364965, 2
0.2598333358764644, 2.3966884613037109, 3.4936838150024414, 4
5.1825698167085648, 4.0851018849248284, 4.9362532435565809, 2
6.0548517107963562, 8.0336376590120047, 8.1743737260356557, 3
5.8820416927337646, 7.5277635047280906, 8.3537286113421096, 3
5.6740778684616089, 5.9603432787074295, 5.0892756694147723, 2
6.5858483612537384, 5.2503111968850993, 6.4059351272705731, 3
4.9708928726613522, 4.635296932732615, 6.289330752076312, 2
7.2121111303567886, 6.8797136760481052, 6.3532250965735102, 3
5.3512121140956879, 5.444453030607499, 4.4324494170652953, 2
5.8946151733398438, 3.8173148344487737, 4.5574172255870327, 2
9.3137900233268738, 10.721025617699937, 10.243129138015149, 1
5.1956193298101425, 6.6851709026472683, 5.5365386020815714, 2
5.1042362451553345, 6.6805339332561973, 8.1861458079569189, 3
9.5339443683624268, 10.917972175257114, 10.662650162404349, 1
6.8894870802760124, 7.574089627016364, 6.0822423435149178, 3
5.3114579319953918, 4.549841225319744, 2.8709377149260118, 2
9.0212384462356567, 10.268199864536372, 11.1234867568062, 1
11.042129516601562, 9.4053241712848177, 9.4214127911108498, 1
8.0693598985671997, 5.9892713896840171, 6.3042907637531007, 3
10.263204634189606, 10.125188018437884, 10.048912527599759, 1
7.5480276346206665, 7.1432329496824316, 5.7801395238349738, 3
3.434850692749023, 4.755681685816449, 4.7789350978773326, 2
5.1105704829096794, 3.5676600032113672, 4.542605051321833, 2
9.9967992305755615, 6.1284478863869154, 6.6713756444992462, 3
4.6372129321098328, 5.9377498524299543, 4.4955557217491986, 2
4.8598283529281616, 6.5528358308981023, 5.6963158404954326, 2
1.2136061191558836, 0.84406757354736306, 2.0806258916854858, 4
1.4076244235038757, 3.1993906497955322, 1.4336704015731812, 4
2.1065153032541275, 0.89481961727142312, 2.1453703194856644, 4
9.8479925692081451, 9.6198137503286834, 10.420931186131037, 1
4.4980040788650513, 4.320885777061088, 5.3085248688262299, 2
6.4990484714508057, 5.0707292525405867, 7.2030635971013357, 2
10.450996875762939, 8.9660961232453573, 7.8739132011509172, 1
10.436125308275223, 9.8287078088036832, 9.4975280527564419, 1
8.4949426651000977, 11.12106760925197, 12.319817998879936, 1
6.0109856128692627, 4.5982791836992707, 3.8067605113926257, 2
5.5705041289329529, 5.0208917695772737, 6.008142101660634, 2
5.7043173909187317, 4.6890204302615874, 5.1677732939152801, 2
10.122770898044109, 9.6358588446483004, 9.69953706980783, 1
4.0491639375686646, 5.0551873192064445, 5.0668718675087181, 2
5.7165602445602417, 6.1796446180520821, 7.0129318551839708, 3
5.8965616822242737, 6.3675425525527256, 4.9758799998254819, 2
8.5008660554885864, 9.1192332649715802, 11.068306235652827, 1
7.591156542301178, 7.6321112049277442, 6.9410537864095962, 3
6.5272848308086395, 5.204039196294266, 6.7735537802857184, 3
3.8297381401062012, 3.8257390844266572, 2.6401340790950769, 2
6.0984952449798584, 6.4005940873443254, 6.5626307703016762, 3
7.2409846633672714, 7.7772309796383556, 8.2111846178415089, 3
7.3656528294086456, 5.9596320747809779, 6.568614717625505, 3
5.0779934376478195, 6.4483651458283386, 6.5674692565708472, 2
1.9177652150392532, 3.0956515073776245, 1.6995617747306824, 4
4.4074121713638306, 3.973273724345586, 5.159367304743073, 2
10.016093885526061, 9.3391327992523756, 9.4150855980597949, 1
4.8313111811876297, 6.5415637913298266, 5.2189389610642811, 2
5.8837578892707825, 4.2028396844787288, 3.1745921370519268, 2
4.1492204666137695, 4.7220523990489953, 5.2939608442463211, 2
5.9210926294326782, 7.1748428648960374, 6.1033958110103352, 3
10.798802673816681, 10.624366765180062, 9.9864252101948772, 1
5.9506430625915527, 5.7411010560617779, 5.5321749003406282, 2
6.2989323139190674, 6.8942794543367434, 7.8109306144102613, 3
6.0121784210205078, 3.596249329025599, 4.4362633920395353, 2
5.3326123058795929, 6.1671658453889391, 5.8687701037873952, 2
4.7063225209712982, 6.4488958408508683, 6.6717079018285865, 2
6.4778022766113281, 7.4064842877811614, 6.23713034815278, 3
5.6150349974632263, 6.129948645752469, 4.615124048266801, 2
-0.5144133567810063, 1.6453886032104492, 1.6100550591945648, 4
5.8730504512786865, 6.5010196234399045, 6.6464523819882118, 3
5.9170607328414917, 4.3650080336028081, 4.6857948459466501, 2
6.7357124388217926, 6.2190831169413521, 7.8290345801054855, 3
10.71550452709198, 11.520856190786791, 8.2345314712723461, 1
5.6399796009063721, 7.0292366647495026, 4.9797458787405127, 3
8.8619023561477661, 7.7682259117583081, 10.016064038947757, 1
7.2983028888702393, 5.8392830411339016, 5.8941775055096466, 3
10.370619654655457, 9.6187899590632586, 9.2277434214367293, 1
6.306536853313446, 6.311938229134979, 6.7128039630672633, 3
6.3247742056846619, 6.8284622440495175, 6.6592611493371896, 3
5.2052337378263474, 3.3083661955045134, 4.4137995201566191, 2
4.5353952646255493, 4.6960456451925054, 4.5045858671643391, 2
6.631276547908783, 7.5220654600248427, 7.3487109230852559, 3
4.5621484518051147, 6.4532297069762414, 4.152716670182155, 2
4.171178936958313, 6.307525638948964, 4.8974303386514242, 2
6.7431997954845428, 8.7110076554794489, 8.398491579146846, 3
4.3858469128608704, 5.2208954877634026, 6.7995373979137721, 2
4.8625408113002777, 6.1418863758105235, 5.5850039969344243, 2
9.1770554780960083, 9.3518588162479972, 10.890986235780815, 1
5.5880073308944702, 4.8012767689877487, 4.1473780871580734, 2
8.6320616006851196, 7.9538236619089115, 7.0631507078432181, 3
8.7884548902511597, 7.2857296909233673, 5.7326008106070176, 3
6.5370645821094513, 8.478649276376423, 8.2832445518670657, 3
8.399733304977417, 6.4661671071561182, 6.5982067809513367, 3
6.8743738532066345, 8.0624831247745767, 7.9645658594575002, 3
4.2738211750984192, 6.3555705746292954, 3.9089733328320904, 2
8.0096390247344971, 5.5130560392149057, 6.0969682327634889, 3
8.3092299699783325, 7.9320743486492766, 4.9873158125372647, 3
4.5348902642726898, 2.8600612146029922, 6.1316502372010637, 2
4.8984916135668755, 5.117687073726537, 6.5402510709465478, 2
6.9374534785747528, 6.9591980942581992, 7.5509902233984381, 3
6.1606632471084595, 6.5312185070311504, 7.1779506644969366, 3
6.5199589729309082, 4.1961973752696773, 4.292229774018268, 2
5.2282947152853012, 3.181578289250385, 3.3114320393417791, 2
4.369611382484436, 3.299529951947914, 3.5992936271528633, 2
5.5748604536056519, 5.1647723593776789, 5.2100597357134104, 2
8.1350146532058716, 9.5974724814311614, 10.011096269235768, 1
4.3217314481735229, 4.6822234742933233, 5.9521346024688846, 2
5.7061931490898132, 4.7028298564780915, 5.2124692151331375, 2
6.202125072479248, 6.8752024374466849, 6.0242283420798586, 3
10.406572669744492, 10.811225631326499, 8.6733925583772411, 1
6.5587203800678253, 7.9969351565427367, 8.1806690820828454, 3
9.6458480358123779, 9.4941951488011558, 9.6069057432705858, 1
5.5808050036430359, 3.9901857161113825, 5.1302505361904647, 2
8.6028038263320923, 6.9849759294168736, 7.0548906717835695, 3
0.10242581367492631, 0.57731735706329323, 2.162749394774437, 4
3.7049545049667358, 5.759143175289517, 6.0665404706399571, 2
6.0125176310539246, 5.4370113523760235, 6.7407960415024482, 3
9.0307484865188599, 10.683763431139845, 11.580613226478297, 1
6.2227474451065063, 3.2321849396572802, 5.7733659915666644, 2
6.946014866232872, 8.6056867966209385, 7.5368352150959055, 3
5.1464868783950806, 6.7689381007760243, 7.4933684654518409, 3
11.049582839012146, 10.522676245542911, 9.2362973180117667, 1
4.9008030891418457, 6.0360848358582473, 5.0230718615293517, 3
7.2678860425949097, 7.8827742844624442, 9.0556455708526578, 3
7.5029227137565613, 6.7462071022409065, 8.3492014616359267, 3
0.71254968643188454, 2.1087804287672043, 2.0226450972259045, 4
5.818769097328186, 6.8848991418728245, 6.573352755408469, 3
6.000691294670105, 3.9482618169474568, 3.734932087413156, 2
10.753816366195679, 12.158840937067176, 10.912664865172076, 1
7.0612767450511456, 6.5668587419422577, 6.8494201247812203, 3
7.13855941593647, 7.941369782549403, 8.4857114787720302, 3
9.46626877784729, 5.8959663464658938, 7.7872980898727171, 3
5.1712958812713623, 3.0649901052347794, 5.9110757751834448, 2
7.7395472526550293, 5.3864871542027721, 5.3791417073347878, 2
7.4514170289039612, 9.1553760769614083, 9.1417942767072766, 3
6.0409548282623291, 8.9359635510993591, 7.8964660465522813, 3
5.1596461683511734, 3.1951709913307162, 4.1986976301940171, 2
5.9428815841674805, 4.2412153336448117, 5.381658814713834, 2
7.7100021839141846, 9.5703423249788653, 9.7968129869268381, 1
6.8310340493917465, 8.686408279549152, 6.5497158497198189, 3
6.0096781253814697, 5.9758073472246469, 5.8191796268483742, 3
7.8527287840843201, 5.0899018814458952, 5.8145480535377683, 3
7.442480206489563, 6.1426645457392457, 6.5123577114430686, 3
4.7224760949611664, 3.8246299714581067, 3.9604505305727873, 2
5.5544958114624023, 4.8680725211509444, 5.3242023989557943, 2
6.6700896918773651, 7.9448937787122356, 7.8015316900829257, 3
10.265174567699432, 9.9835859259381934, 9.3075299035442374, 1
9.6363523304462433, 10.128154494616632, 10.729448738716743, 1
5.4631160199642181, 5.9510816375670261, 4.2970263858461797, 2
5.0037054331041873, 5.8352807680270775, 5.4122171575450304, 2
7.6596734523773193, 6.3271903521868165, 6.1134186684855312, 3
1.1637755036354063, 2.8003543615341187, 0.89950776100158669, 4
1.3344150185585022, 0.48734462261199907, 2.8123995065689087, 4
4.2600492238998413, 5.5205303080915424, 5.5261066183977698, 2
2.8858364820480347, 1.1703376770019529, 1.2478122711181638, 4
5.0445479080080986, 3.3230476027740288, 6.2200288131737995, 2
4.4412386417388916, 4.651264903687502, 5.8421241784613134, 2
8.5467249155044556, 7.5552758928716752, 7.2974952481537327, 3
1.5635635852813721, 3.0732386112213135, 1.6852736473083496, 4
6.6097742319107056, 4.9544518172325658, 5.7697691631774131, 2
11.414064168930054, 11.564436177507842, 9.7213963449215015, 1
5.5475227832794189, 3.5197169017365888, 4.1664479534360011, 2
5.3555148541927338, 4.7909260286912945, 4.9580997473694852, 2
6.8027317374944687, 7.4561273358027282, 6.9537139436640931, 3
3.324180960655212, 6.2289910073796664, 4.3987146639238928, 2
9.4128416776657104, 10.965531201639473, 8.1218141213142285, 1
8.831662654876709, 10.411555184021037, 9.0938823218614253, 1
5.8581411242485046, 3.4883433729977336, 5.822458208488638, 2
8.247819185256958, 8.2664648041012825, 7.6736854238224446, 3
5.6259591579437256, 7.8998364149966935, 7.7113727901366351, 3
6.3370119333267212, 3.2607201772172596, 5.9522608079059092, 2
3.8448504209518433, 5.8005959778816987, 6.3945520268875748, 2
9.3461809158325195, 8.0694245771233586, 8.0175668854677511, 3
4.1639708876609802, 5.3056268417154628, 5.7781307349587836, 2
6.5510038435459137, 6.9137827760293957, 7.5403309487174424, 3
-0.37114048004150435, 2.6209259033203125, 1.8883524686098099, 4
7.0153281688690186, 5.1960876992592322, 3.4284094295094905, 2
6.9408633708953849, 7.6975468963370064, 10.267878388182387, 1
2.8867497444152832, 1.8226547986268997, 1.5130717158317566, 4
6.354381799697876, 7.9953812044822765, 5.1514624944596843, 3
1.8418518453836441, 2.7927001118659973, 3.3753148317337036, 4
7.8582342267036438, 7.9662561104302725, 6.8838078877324724, 3
7.3457057178020477, 7.1938675989663956, 6.7937126305829789, 3
7.263770580291748, 6.5850514571054033, 7.0396840077955201, 3
4.3834241628646851, 6.3163899764771205, 4.9142836063433233, 2
7.3605134189128876, 5.6727042168866504, 6.2939267423271259, 3
10.039957948029041, 9.7937448810657006, 10.159551254045695, 1
10.608835637569427, 10.279159015880243, 12.426290367095568, 1
4.4595649242401123, 4.1094691407051345, 3.5405524687926313, 2
5.9085526466369629, 6.9273068038904864, 7.0332705971909437, 3
3.9921491146087646, 4.9123700328168631, 3.7136112522950588, 2
8.5599675178527832, 8.0624880841939781, 8.7113298831019232, 3
8.3518898487091064, 5.0173046276628117, 5.9671397908404646, 3
5.9296050071716309, 6.5832681392320183, 7.8039258018052839, 3
4.2149823307991028, 5.8449440255238194, 6.4281384151523415, 2
8.1935733556747437, 7.070730182054449, 7.0504470399580361, 3
5.1529805362224579, 6.7146054156920769, 6.871353583739519, 2
6.9257232025265694, 7.2590508645036369, 7.2281880877582285, 3
8.0386828184127808, 7.3224163534928328, 5.642831725363612, 3
7.6345781087875366, 5.9301943428332438, 7.6498777335639367, 3
4.422269344329834, 6.0899958816751054, 4.0992736161505068, 2
9.4002306461334229, 9.2431313429576463, 6.7995929906620622, 3
4.8986693173646927, 4.463190982699734, 4.7544152059913323, 2
5.0602165572345257, 3.6755707076936117, 4.1844146612072901, 2
5.9585955142974854, 4.2770472134904596, 5.1424547389041333, 2
7.1697655320167542, 6.3894191251319281, 6.3110745586372987, 3
5.5424073338508606, 4.892109675229336, 3.9328876253513423, 2
6.4435007572174072, 4.0937940772965664, 6.0846070246300616, 2
7.8252770900726318, 11.523057320121721, 10.524734139251031, 1
8.2209210395812988, 7.6511626413956364, 6.6053902536109277, 3
4.1881927251815796, 5.1470725887690589, 3.6734969444644463, 2
2.1614413112401962, 2.9160019755363464, 2.6262722015380859, 4
1.544330358505249, 2.1969691514968872, 1.3796435594558716, 4
9.3384925723075867, 8.942191499744748, 10.716225605357568, 1
4.3039805889129639, 6.0537901414781832, 4.8543972104977184, 2
9.9239163547754288, 10.26375038271072, 9.1998290654292543, 1
9.6081178486347198, 8.7233852321129604, 10.287838121257852, 1
9.8225655406713486, 10.668325598433267, 9.0256765534883261, 1
4.6990819871425629, 5.1287053672383109, 4.4778700059076071, 2
8.0770289897918701, 4.4787684459352954, 4.8354890390123524, 2
2.589038074016571, -0.028913736343384233, 3.0282313823699951, 4
10.543799996376038, 9.0484104635875244, 9.5836273912613841, 1
5.2076426446437836, 4.4344148445074199, 4.1526465762615379, 2
9.5711735188961029, 10.681009234659729, 10.007807396880631, 1
5.9561785459518433, 5.5853968117835171, 6.8179310960481878, 3
4.8143813610076904, 6.9142848774810295, 7.5221998371176282, 3
9.3032540082931519, 10.352878458429528, 11.435007988050746, 1
6.2083709239959717, 7.0330240325372744, 7.0646541675473529, 3
5.5462132096290588, 5.6412824486420377, 3.9851249145252963, 2
10.789596259593964, 10.123275653603182, 8.4228203598665274, 1
2.1824101358652115, 1.3466855883598328, 2.1155916675925255, 4
7.5862652659416199, 7.4233414238179725, 7.5292997086891695, 3
4.8864100128412247, 4.727185616073811, 4.8110976250262718, 2
11.069474816322327, 12.230441851128207, 11.437151457590003, 1
2.5990226268768306, 5.4332639933575786, 3.2486628203650545, 2
6.977599024772644, 5.8763037203278676, 4.2276222248257129, 2
9.6947214603424072, 9.6618968302140029, 9.2018576582030747, 1
4.9070072174072266, 2.615138596686442, 2.9442789187465985, 2
10.797679543495178, 8.41732541995232, 7.7804734350720874, 1
6.8015878796577454, 7.9128168796292799, 6.453645514991333, 3
4.2612786293029785, 5.1653780408613086, 5.3624332606422334, 2
7.2888356745243073, 8.4339997000194273, 7.9100358895471583, 3
4.654630720615387, 4.8052318017945916, 6.8558182881723067, 2
7.0752172470092773, 4.6431260036200204, 3.7039488019928548, 2
6.7660050392150879, 6.4782466722957821, 6.4511192009232872, 3
5.3573813736438751, 4.7849356296361654, 4.7871976869667838, 2
6.9016722291707993, 5.7166396724665329, 6.339664525778395, 3
1.8155974745750427, 0.77920615673065163, 1.8962237536907196, 4
6.210166335105896, 4.0726449730217356, 4.054157488820044, 2
5.3983104228973389, 8.2942772067470578, 8.4781020448309494, 3
6.0798230171203613, 3.9517614451256078, 3.7415915356086451, 2
10.728156089782715, 10.339904527144819, 10.440325455439124, 1
8.7151305675506592, 8.6656359290748455, 9.0931591333411816, 1
9.8627176433801651, 9.1999399968285722, 9.125487468258676, 1
9.3816843032836914, 5.7730715241848207, 6.4793256443078358, 3
4.4999380707740784, 4.6999534452985996, 5.9720458672843577, 2
0.38122415542602495, 3.4276267290115356, 0.69124257564544656, 4
5.8195348978042603, 8.8410235992594135, 5.794583797252189, 3
3.5425870418548584, 4.2952647394616728, 4.6662161396633852, 2
0.14315772056579545, 0.60036969184875466, 2.389712780714035, 4
1.1374649405479429, 3.8659267425537114, 2.3981888890266418, 4
7.0767868459224701, 8.3018979354316809, 6.8813098177349401, 3
8.2457455396652222, 9.0654644604468881, 9.7600243261707362, 1
5.6216822862625122, 6.9288688468582293, 8.1308592058410571, 3
4.8190606385469437, 5.6308465363851576, 5.1516771763099403, 2
5.6599874496459961, 6.9024724765206482, 5.0929430239595108, 2
7.9825749397277832, 6.4920693358880248, 6.6604987050566367, 3
10.226632758975029, 9.4583107462686034, 9.6918740779429253, 1
5.4485047161579132, 5.6152426457512066, 3.2882033752738451, 2
3.8802293539047241, 4.8124791687396131, 5.5442989052270288, 2
3.9630721807479863, 3.3133155107498169, 3.2973159551620483, 4
2.7070915102958679, 0.68227112293243386, 2.4451309144496918, 4
5.1111832037568092, 5.0693506047257131, 4.1941067900146622, 2
5.9381909370422363, 6.916345990232184, 8.6276966690368262, 3
6.6660542488098145, 3.1707125796096922, 4.397449675518013, 2
5.1011179462075233, 5.836581502916447, 4.1071285400598603, 2
7.4526663720607758, 5.7841438589340513, 9.2462993639691575, 3
5.3454786539077759, 3.9238955440544485, 5.6743067054174752, 2
7.2483638077974319, 7.8759251157642929, 7.2090422689901672, 3
6.0038374662399292, 8.9468654936118899, 8.1500640719280604, 3
10.562394261360168, 7.5929056089889766, 10.268388769919213, 1
10.87989467382431, 11.098805955749745, 10.492188866056905, 1
5.8800677061080933, 7.2497898820154845, 8.0661588417611938, 3
6.3474050760269165, 4.8276447696168363, 5.6274750570853902, 2
9.5939400494098663, 10.975270155181487, 10.923731788562968, 1
3.9546377658843994, 5.5375214175701073, 3.2731884193540668, 2
7.5422062873840332, 7.224359863500025, 10.103140751060385, 1
7.6585960984230042, 7.2200821893329623, 7.4269959425132548, 3
1.2883403897285461, 2.4230263531208038, 1.032458424568176, 4
3.8182361125946045, 7.0793887301285388, 6.9108218168220876, 2
3.3558622598648067, 5.1347640714270959, 6.2939023011519968, 2
8.1349772214889526, 7.2784330772686712, 7.302150906135628, 3
6.0128787755966187, 5.469197115193003, 4.1846269753493708, 2
1.453024685382843, 2.5857806205749512, 1.638629674911499, 4
11.135858178138733, 10.24275642114279, 12.034581194180831, 1
10.315966010093689, 10.977090511921155, 11.880509089982413, 1
2.3813280463218689, 1.9786052163690329, 2.1914405226707458, 4
9.1970149278640747, 9.7269420914875084, 10.607058277406811, 1
5.4653728008270264, 6.8529080021851323, 6.8244651081599583, 3
4.0275918245315552, 6.1487446496714124, 4.1770906435092643, 2
3.7794265747070312, 3.9589875517543183, 3.8619900697011467, 2
10.38127812743187, 10.131690557065586, 8.9643946947418804, 1
6.8656794428825378, 8.1364678957561107, 5.8778912836851163, 3
4.5218746066093445, 5.8871009873926265, 4.5684448095613606, 2
6.2184712290763855, 8.6678645615153425, 7.5758071604271144, 3
2.0684099718928337, 1.5000727772712708, 0.64584255218505837, 4
5.4711458086967468, 5.9134372685762822, 4.7758723905982512, 2
6.3992394208908081, 7.3761388297761394, 8.0301256767503659, 3
6.9016815721988678, 6.1835291738575018, 7.8965311571674102, 3
5.465898871421814, 5.8456506312586471, 6.321159254432489, 3
6.2656487226486206, 6.0485340723511154, 7.4662771718673158, 3
6.4965105056762695, 7.7298740713979326, 7.7453858302582068, 3
9.6423532068729401, 10.592754070933843, 10.140077505598509, 1
4.831705704331398, 6.588994652244283, 5.3855835010405473, 2
6.9827915392816067, 6.9600617971668655, 7.0043549882006539, 3
0.90747928619384743, 1.0471635460853574, 2.368814080953598, 4
6.6980921924114227, 6.4429205448619138, 7.1658393722235942, 3
3.6946829557418823, 5.9822743670656964, 2.9244693597463809, 2
9.4023366570472717, 9.0194400665159549, 10.641442277978847, 1
9.9329836070537567, 7.5761219407658373, 9.820756053598517, 1
10.381179332733154, 9.7125985021794552, 8.7074447085001889, 1
11.026923298835754, 9.3963234603014865, 10.527447194038487, 1
3.3128890991210933, 3.9896756997573881, 5.0509062253614854, 2
4.5891775488853455, 4.7700468079301421, 5.0940550623254612, 2
8.6636074781417847, 10.470796908624266, 10.284888939808473, 1
4.1129653453826904, 6.1887319118454958, 4.3290221947741729, 2
7.1530671566724777, 7.670101018159607, 7.4857152249536707, 3
5.6848307847976685, 7.3031071750892576, 9.0733025607462281, 3
9.1690975427627563, 10.226998065975828, 10.938391587844778, 1
10.92417323589325, 8.3352603040706388, 9.3652565552999576, 1
6.9618771150708199, 7.9701576217599568, 5.9307451826147108, 3
2.8284528255462642, 7.8486019655953898, 5.333103225518725, 2
6.315045952796936, 3.3517317752244766, 6.74467842735839, 2
5.4028021693229675, 6.0901102349508998, 5.6036479073320642, 2
8.844707727432251, 9.7892116881516511, 9.2828569393421549, 1
4.8781656846404076, 3.8638798200352804, 5.1013342542088234, 2
1.9952314640395343, 3.921902179718018, 1.4939653873443604, 4
10.983547985553741, 9.2850206978200394, 10.581541413576002, 1
4.3172939419746399, 5.5180645411127962, 6.349901391405627, 2
5.3772391676902771, 5.197641454527596, 6.6864018347710088, 2
11.345184803009033, 11.474574645711131, 9.9719382472012867, 1
8.8325409889221191, 8.3856011989218597, 9.2256947532812763, 3
10.867493212223053, 9.2767969175149165, 9.0130558512424397, 1
9.1901580095291138, 9.7200636754838339, 9.0891492580353752, 1
6.3198941349983215, 6.5677566137155639, 7.2286469153322921, 3
9.097024142742157, 9.9125655191360345, 11.292516308910145, 1
10.167590394616127, 8.3637077172040968, 9.1092847479452814, 1
5.439565509557724, 6.0333492047988804, 4.3986065902857918, 2
5.6240054965019226, 5.5248046779457756, 3.7992476535518174, 2
5.2467889785766602, 7.3821449092477245, 8.1201151480471605, 3
6.3388406038284302, 5.0874939230013627, 7.2056483494388939, 3
5.0618816688656807, 5.3340443338816339, 5.2419281475740149, 2
2.6458105444908142, 1.8003549724817276, 1.8181671798229218, 4
1.9521475657820702, 0.31234419345855668, 1.5863617360591888, 4
3.863730788230896, 5.7136513301500376, 5.5018080942611629, 2
0.99572014808654763, 2.2303816676139832, 1.8354955315589905, 4
4.8249585330486298, 4.7183309133287397, 5.9737944851806013, 2
6.3688023090362549, 4.4443995070287547, 6.0896016736453014, 2
5.1830085515975952, 5.4294135374458632, 6.9036156759490312, 3
5.7094679474830627, 6.3567481597039581, 5.937035562679589, 2
5.8010407686233521, 4.9313071570764562, 4.5531321123009469, 2
7.6531549692153931, 8.0980032028849944, 6.0069850427359199, 3
6.1312358379364014, 6.7061399746426336, 6.0012326269942093, 2
4.3635819554328918, 4.3121805974727634, 5.5130781462786524, 2
11.468922853469849, 10.11701509831793, 10.714560019762008, 1
5.9086036682128906, 4.942963040114086, 4.5051776190430273, 2
6.084058940410614, 6.6460859961986865, 5.2864629261116853, 3
6.756109744310379, 7.5503376042482095, 7.4030988576238252, 3
4.4159324169158936, 5.8885387066528292, 5.5045608979930734, 2
5.5382248163223267, 3.476148002555314, 3.4030004567425536, 2
9.9131779447197914, 9.9097705583403872, 9.3626671243133579, 1
5.3333293497562408, 6.4140602759126768, 4.6691634467959657, 2
8.4044877290725708, 11.157197876795514, 9.9743997859782212, 1
8.4644567966461182, 9.2157158473492089, 9.8405655934294174, 1
3.8303767442703252, 0.78432428836822488, 1.7973964214324951, 4
6.369404673576355, 5.4168595634943086, 4.4438385884474396, 2
4.5935786366462708, 5.6814012120793791, 7.3724692503318838, 2
4.610827773809433, 5.3575646748428341, 6.5706834123422944, 2
7.8159847259521484, 9.2772758658246239, 8.0906969807094082, 1
5.3629999756813049, 4.6001223122663868, 6.8011930533274469, 2
5.5381569862365723, 7.7175193264938624, 7.7960106774214157, 3
4.9361062943935394, 5.4937300132832139, 4.0321699138573548, 2
4.7458187639713287, 5.9468772301637012, 6.8447535366968104, 2
1.7575078904628754, 2.1022661700844765, 1.9888944709673524, 4
4.8026616722345352, 2.9907103949728477, 3.6868341679932195, 2
5.0833582803606987, 4.1617860474823711, 5.2841742883547473, 2
5.798320472240448, 6.2631497754455427, 5.8550109794316842, 2
-0.059298753738403764, 1.8720367550849915, 0.67706716060638406, 4
3.7435494661331181, 2.6312556266784668, 1.640280544757843, 4
5.609265148639679, 3.5894282132041999, 5.8858660608662881, 2
6.0169861316680908, 8.6601282964929993, 7.8527913483583696, 3
8.4972784519195557, 10.463088280476109, 11.363680979729262, 1
8.0290282964706421, 9.3461614624019305, 7.7613045648058243, 3
6.9364666417241096, 5.76815592175112, 5.7415761564929326, 3
5.9711602926254272, 6.8273686830168163, 5.7241735593243979, 3
7.0936367511749268, 5.131888195253044, 4.3059384716141338, 2
6.6692795753479004, 6.1264872111323063, 4.7514134259345751, 2
10.480217337608337, 11.039875121881428, 10.943128563054346, 1
8.3735352754592896, 4.8454809220082549, 7.0490069268994437, 3
5.2720646560192108, 2.0336344773777064, 4.4221153556159383, 2
4.3743858933448792, 4.738106818681624, 6.514613122139294, 2
4.5803269445896149, 6.3879671174717023, 3.9043704158165449, 2
8.7359839677810669, 9.4851248259854675, 11.492771759719368, 1
5.1989748328924179, 6.399983631560433, 5.1609084208002418, 2
6.9492422640323639, 6.5361190201172423, 7.6058709178951274, 3
6.7860223650932312, 7.4071842804565184, 5.9202366344534001, 3
9.6338227093219757, 8.9748665093343192, 9.0480545814025479, 1
5.5058649778366089, 5.3909400212450729, 4.1834012418035842, 2
5.393208384513855, 4.1015513357332241, 5.8452759316920089, 2
7.4419416189193726, 7.2500607994686161, 6.8668849739587916, 3
7.2274572551250458, 6.2579629293454131, 8.4021538471975763, 3
0.41316318511962846, 1.635298103094101, 1.690717875957489, 4
5.752244770526886, 4.9942853367133582, 3.9665994288729811, 2
2.1630264520645142, 2.6510720252990723, -0.59817528724670455, 4
4.6699126362800598, 4.8369544547733767, 5.290778216635192, 2
4.519002228975296, 5.1692656500388381, 3.8999953712146396, 2
6.3044041395187378, 8.2683964412113351, 7.6949420059232345, 3
8.0461715459823608, 9.424510836113825, 7.8254217639753776, 3
6.9856577012687922, 6.7415878784249212, 6.1295674524310861, 3
5.6777042150497437, 6.5057842630395752, 6.1620072504024215, 2
10.387416690587997, 11.593255439059284, 9.850841932988839, 1
5.241977259516716, 4.6034257076091265, 5.6565615853791522, 2
7.6456458568572998, 9.2011216491452696, 10.518543262606022, 1
5.0998052060604095, 5.4866632452125543, 5.8855035506217348, 2
7.3219342231750488, 5.9422252577753119, 7.6538876607261876, 3
6.1687698364257812, 3.6012621599254193, 5.1824965376197918, 2
6.6723400354385376, 1.5182160330376444, 4.0963025109765168, 2
6.0295107364654541, 6.4603820657948088, 7.3329289260753656, 3
4.5276068150997162, 5.2494156359039037, 4.2901353372414555, 2
7.5430199503898621, 6.3556037921772051, 8.2784219645574684, 3
3.9586224555969238, 4.8199411175082387, 6.1571355510657035, 2
8.1423907279968262, 8.1424049431898435, 6.6853307833629554, 3
9.317258358001709, 10.771024803659522, 10.238925017161277, 1
4.5346206724643707, 4.0230548754293141, 3.683365868196451, 2
4.6656310260295868, 5.2073836790624899, 5.1101732798864985, 2
11.44541347026825, 10.884497175948983, 11.752088869113248, 1
5.0100383264943957, 4.8657342936301387, 4.2097928949801933, 2
7.7308905720710754, 5.8005257016356442, 5.4924331661914882, 3
2.6613676548004146, 5.5404356363122353, 2.6965017875991517, 2
10.263855695724487, 7.9346272014752959, 7.7886112425123626, 1
7.4987997710704803, 6.3944825338888753, 7.2854204330639378, 3
5.3145600557327271, 5.7947139129254985, 7.8885515610440731, 3
7.1938914954662323, 7.6305789277151748, 6.3113544895843177, 3
4.1106134057044983, 5.9367325821426338, 4.369848576422708, 2
9.2374062538146973, 10.336057306573416, 10.633121306768214, 1
6.3490662574768066, 4.5767003129782875, 4.8836947766359478, 2
5.0402272716164589, 4.3778913603942522, 4.9496658797634723, 2
7.2988921701908112, 6.85769262875806, 7.420897100392625, 3
6.9804543256759644, 3.6637284390612184, 5.3968341124444841, 2
4.5923699140548706, 4.5426382036962627, 5.2719517638203683, 2
4.8451275527477264, 4.7760203901743123, 4.5494415064523448, 2
6.4868462085723877, 5.8284950154442541, 5.6669780948507684, 2
3.9796775579452515, 5.4288993476064071, 4.6830095457159473, 2
6.1744393706321716, 7.473368648126514, 8.2779008000155496, 3
11.290791749954224, 9.2328717054929772, 9.849602260533791, 1
2.576150119304657, 0.72365927696228005, 2.9520192742347717, 4
10.728724002838135, 12.544393502966576, 9.0159405988340957, 1
10.098225437104702, 10.037059967669606, 11.197536706967371, 1
9.7489142417907715, 9.3886512620918818, 10.482126713573267, 1
5.1982087641954422, 5.1601011175379465, 6.0792368701022061, 2
7.1081292107701302, 6.6582919340011806, 7.5041292415890304, 3
11.270494699478149, 10.894919313414119, 8.8566416027365324, 1
10.1968704611063, 8.1749453772309089, 9.4991866805716789, 1
11.182634592056274, 11.403757103663162, 11.767486866293345, 1
4.9957511839456856, 3.1772436191186233, 4.2496392272531978, 2
5.3050680756568909, 4.8245642452069468, 3.5400432980881904, 2
6.7189705967903137, 6.531626539884325, 4.704843872286645, 3
8.892555832862854, 7.551028167898548, 6.730136606377104, 3
5.7789632081985474, 6.6504653117633197, 6.4344460740570879, 3
6.7052935063838959, 7.4681025983670501, 9.185687219871248, 3
2.8908835649490356, 1.227284789085388, 1.1191466450691221, 4
4.2553938031196594, 6.8911346481421027, 4.8139924393841502, 2
7.5589717626571655, 5.9727136035655191, 7.4534005665659269, 3
5.5571290254592896, 6.067431399727071, 6.5512922055380409, 3
6.1519037485122681, 4.9125743441444181, 2.8986542220249234, 2
9.3815345764160156, 10.625559987034878, 9.7914709034039227, 1
7.6523349285125732, 6.5735361523823972, 6.542105127906539, 3
8.0573774576187134, 9.9326123250907674, 10.117393083799595, 1
1.9516873024404049, 0.66362464427947976, 1.8948913961648941, 4
5.004581777844578, 5.883357241531419, 3.9889847161436851, 2
7.3240294456481934, 3.433585986999705, 3.4361432423461467, 2
4.6569257378578186, 6.1023788970161013, 6.0361335673421088, 2
4.5099046230316162, 5.1128961011509038, 4.6419972861137406, 2
5.7752128839492798, 4.6804495948866656, 5.5497965478415328, 3
10.38408300280571, 11.390516706915394, 9.1901785753518368, 1
